LanguageCode;ismobile;sex_cat;age_cat;Name_Company;Version_survey;psy_rating_pace;psy_rating_emotional;psy_rating_sphere;psy_work_life;erg_rating_posture;erg_rating_repeat;erg_rating_sitting;erg_rating_loads;erg_rating_physical;saf_rating_leadengage;saf_rating_workinvolv;hyg_rating_tools;hyg_rating_low_temp;hyg_rating_high_temp;hyg_rating_noise;hyg_rating_substances;veerkracht_calc;erg_capac;saf_satisfaction;hyg_satisfaction;mil_rating_leadengage;mil_satisfaction;mil_rating_contrib;mil_rating_workinvolv;hyg_freq_exp_substances;hyg_freq_exp_tools;hyg_freq_exp_high_temp;hyg_freq_exp_low_temp;hyg_freq_exp_noise;erg_freq_exp_sitting;erg_freq_exp_posture;erg_freq_exp_physical;shift;sleep;health_not_ok
du;FALSE;M;>=55;Company_4;standard;3;2;2;1;4;4;1;4;4;3;3;4;3;4;3;4;3.02838689607877;4;3;4;-999;-999;-999;-999;4;NA;4;4;4;3;4;4;Day;7.7;0
du;FALSE;M;35-44;Company_1;standard;2;3;NA;1;3;4;4;4;3;3;3;4;4;3;3;4;4.11257624974109;4;2;3;-999;-999;-999;-999;NA;4;4;4;NA;4;4;4;Rotating;7.1;0
du;FALSE;M;35-44;Company_3;standard;1;1;1;2;4;4;3;4;4;3;2;4;4;3;4;4;2.1553795533106;3;3;NA;-999;-999;-999;-999;4;4;4;4;4;4;4;4;Day;7.6;0
du;FALSE;M;35-44;Company_3;standard;3;3;3;3;4;3;3;4;4;3;3;4;4;4;4;NA;3.19856777775354;3;3;4;-999;-999;-999;-999;NA;4;4;4;4;4;NA;4;Day;7.1;0
du;TRUE;M;45-54;Company_9;standard;3;NA;2;3;2;3;2;2;2;3;3;3;3;3;3;3;3.57880818898827;4;3;3;-999;-999;-999;-999;NA;NA;NA;4;4;4;NA;4;Rotating;6.9;0
nl;TRUE;M;<25;Company_10;standard;3;2;3;3;3;4;4;3;NA;3;3;2;4;4;NA;3;3.22345494481749;3;3;3;-999;-999;-999;-999;NA;NA;4;NA;NA;4;4;NA;Rotating;9.1;0
du;FALSE;M;45-54;Company_7;standard;3;3;3;3;4;4;4;4;4;2;3;3;3;NA;4;4;4.13173285797708;4;2;4;-999;-999;-999;-999;4;4;NA;4;4;4;4;4;Rotating;5.8;0
nl;FALSE;F;25-34;Company_10;standard;3;NA;1;1;4;4;3;NA;4;3;3;4;3;3;2;3;2.318107718674;2;3;NA;-999;-999;-999;-999;4;4;4;NA;4;4;4;4;Day;8.2;1
nl;TRUE;M;25-34;Company_7;standard;2;3;3;2;3;4;2;3;3;3;3;4;3;4;3;4;3.30562530271361;2;3;NA;-999;-999;-999;-999;4;4;4;NA;4;4;4;4;Day;6.4;0
du;TRUE;M;25-34;Company_8;standard;2;3;2;2;4;4;4;4;4;3;3;4;4;3;4;4;3.71992443769862;4;3;4;-999;-999;-999;-999;4;NA;4;4;4;NA;4;4;Day;7.7;0
nl;FALSE;M;>=55;Company_9;standard;1;2;1;2;4;3;3;4;3;3;3;4;4;4;2;3;NA;4;3;3;-999;-999;-999;-999;4;4;4;4;4;3;4;4;Rotating;6.8;0
nl;TRUE;M;45-54;Company_3;standard;3;3;3;3;4;4;4;4;4;2;2;4;NA;4;2;3;1.60395184520549;4;2;3;-999;-999;-999;-999;4;4;NA;NA;4;4;4;4;Night;5.9;0
nl;FALSE;M;>=55;Company_5;standard;2;3;2;3;3;4;4;NA;NA;1;1;2;3;3;2;3;2.23804244830031;3;1;3;-999;-999;-999;-999;4;4;4;4;NA;4;4;NA;Day;6.6;0
du;FALSE;M;45-54;Company_8;standard;2;1;1;2;4;4;4;4;4;3;3;2;3;3;1;2;2.90999247000405;4;2;2;-999;-999;-999;-999;4;4;4;4;4;4;4;4;Day;6.4;1
fr;TRUE;F;35-44;Company_7;standard;2;2;2;1;4;4;3;4;4;2;2;4;4;4;4;4;3.53892932848599;4;2;4;-999;-999;-999;-999;4;4;NA;NA;4;4;4;4;Day;6.2;0
nl;TRUE;F;35-44;Company_4;standard;2;3;3;3;4;4;3;4;4;3;3;4;4;4;3;4;1.71245733334616;4;3;4;-999;-999;-999;-999;4;4;4;4;NA;4;4;NA;Day;8.7;0
du;FALSE;M;45-54;Company_5;standard;3;NA;3;3;3;2;4;3;4;3;3;NA;NA;4;4;4;3.03961053348444;3;NA;4;-999;-999;-999;-999;4;NA;4;NA;NA;NA;4;4;Day;6.6;0
nl;FALSE;M;35-44;Company_5;standard;NA;NA;3;3;3;3;3;3;3;3;2;4;4;3;3;2;3.33707405606003;3;2;3;-999;-999;-999;-999;NA;4;NA;4;4;4;4;4;Day;5.7;0
fr;FALSE;M;>=55;Company_4;standard;1;1;1;3;NA;4;NA;3;NA;1;2;3;3;4;3;2;3.81501544411867;4;2;3;-999;-999;-999;-999;4;4;NA;NA;4;NA;NA;NA;Day;6.3;0
nl;TRUE;F;45-54;Company_4;extended;2;2;1;2;4;4;4;4;4;3;3;3;3;4;4;4;3.93002912184578;4;3;4;3;4;2;3;4;4;4;4;NA;4;4;4;Day;7;0
nl;FALSE;F;45-54;Company_2;standard;NA;2;1;2;2;3;1;1;2;3;NA;4;3;3;4;4;5.116489842786;3;3;4;-999;-999;-999;-999;4;4;4;4;4;3;NA;4;Day;5.7;0
nl;FALSE;M;45-54;Company_8;standard;3;3;3;3;2;3;2;NA;2;3;3;4;4;4;4;4;3.05119649555504;2;3;4;-999;-999;-999;-999;4;4;4;4;4;NA;4;4;Day;5.5;0
du;FALSE;M;35-44;Company_8;standard;3;2;2;NA;2;2;3;4;2;2;2;3;2;3;4;2;2.75541234856119;2;1;NA;-999;-999;-999;-999;4;4;4;4;4;4;3;3;Rotating;6.6;0
du;FALSE;M;45-54;Company_1;standard;3;2;1;3;4;4;2;4;4;3;3;4;4;3;3;4;2.91570447238666;4;3;4;-999;-999;-999;-999;4;4;4;4;4;4;4;4;Rotating;7.5;0
du;FALSE;M;45-54;Company_7;standard;1;2;3;2;4;3;4;4;4;3;3;4;4;4;4;4;3.82090302220014;2;3;4;-999;-999;-999;-999;4;4;4;4;4;4;4;4;Day;7.4;0
du;FALSE;F;45-54;Company_3;standard;3;3;3;3;NA;4;3;4;4;2;3;2;NA;4;3;4;3.3605198388893;4;3;2;-999;-999;-999;-999;4;4;4;NA;4;4;NA;4;Day;6.1;0
du;TRUE;M;45-54;Company_6;standard;3;NA;3;3;3;3;NA;4;3;3;2;4;4;4;4;3;3.7869093818766;3;3;4;-999;-999;-999;-999;4;4;4;4;4;NA;4;4;Day;6.6;0
du;FALSE;M;45-54;Company_3;standard;3;3;2;3;4;3;2;3;3;3;3;4;3;4;3;4;4.09669336973228;3;3;4;-999;-999;-999;-999;4;NA;4;4;4;4;4;NA;Night;5.5;0
nl;FALSE;F;35-44;Company_2;standard;3;3;3;3;4;4;4;NA;4;2;1;2;4;3;3;3;2.63060310046498;4;1;1;-999;-999;-999;-999;4;NA;4;NA;4;4;4;4;Day;7.6;0
fr;TRUE;F;45-54;Company_2;standard;3;3;2;3;4;4;4;4;4;NA;3;4;NA;NA;4;4;3.11190218356093;3;3;4;-999;-999;-999;-999;NA;4;NA;NA;NA;NA;4;4;Day;8.3;0
nl;TRUE;M;>=55;Company_2;standard;NA;1;1;2;2;1;4;2;2;3;3;4;4;4;1;2;3.06034940133742;1;3;4;-999;-999;-999;-999;4;4;4;4;4;NA;4;4;Day;6.3;1
du;FALSE;M;45-54;Company_10;standard;2;2;2;2;4;4;3;4;4;3;3;3;3;3;4;3;4.86820445667588;4;3;1;-999;-999;-999;-999;4;4;4;NA;4;4;NA;NA;Day;7.8;0
nl;TRUE;M;45-54;Company_3;standard;2;2;2;2;3;4;4;4;4;2;2;4;3;4;4;4;3.89306403039134;4;3;4;-999;-999;-999;-999;4;4;4;NA;4;4;4;4;Rotating;6.4;1
nl;FALSE;M;45-54;Company_1;standard;2;2;3;2;2;3;NA;4;3;2;3;4;4;4;4;4;2.09778050758987;4;3;NA;-999;-999;-999;-999;4;4;4;NA;4;NA;NA;4;Rotating;6.2;0
nl;FALSE;M;35-44;Company_5;standard;3;3;3;3;3;3;NA;4;3;3;3;4;3;3;3;4;4.26323394564203;2;3;4;-999;-999;-999;-999;4;NA;4;4;4;NA;4;4;Day;7.3;0
du;FALSE;M;35-44;Company_10;standard;1;3;2;2;4;3;3;4;4;3;3;4;4;4;3;4;4.18573087264193;3;3;4;-999;-999;-999;-999;4;4;4;4;4;4;4;4;Night;6;1
nl;FALSE;M;25-34;Company_7;standard;3;3;3;3;3;3;3;3;4;3;3;4;4;4;4;4;2.61352658839911;2;3;4;-999;-999;-999;-999;NA;4;4;4;4;NA;4;4;Rotating;5.2;1
du;FALSE;F;<25;Company_7;standard;3;3;3;3;4;4;3;4;4;3;3;2;2;4;3;2;3.96026096486809;NA;3;2;-999;-999;-999;-999;4;4;4;NA;4;4;4;NA;Day;4.9;0
nl;TRUE;F;<25;Company_8;standard;3;3;3;3;4;3;4;4;4;2;2;4;3;3;3;4;4.38317613744362;3;2;4;-999;-999;-999;-999;4;4;4;NA;NA;4;4;4;Rotating;8;0
nl;FALSE;M;25-34;Company_10;standard;3;3;2;2;4;4;3;4;4;3;3;3;3;4;2;3;2.97709760804236;4;3;3;-999;-999;-999;-999;NA;4;4;4;4;NA;4;4;Day;9;0
nl;FALSE;M;25-34;Company_1;standard;3;3;2;2;4;4;3;3;4;3;3;4;4;4;4;4;4.37864169368301;3;3;4;-999;-999;-999;-999;NA;4;4;4;4;NA;4;NA;Rotating;7.3;0
nl;TRUE;F;>=55;Company_6;standard;3;3;2;3;2;4;3;2;2;3;3;4;4;4;4;4;4.15590986789107;2;3;NA;-999;-999;-999;-999;NA;4;4;4;4;3;4;4;Day;4.5;1
du;FALSE;M;>=55;Company_4;standard;3;2;2;3;4;4;4;4;4;3;3;4;3;2;1;2;1.90294287741704;4;2;3;-999;-999;-999;-999;4;4;NA;4;4;4;4;4;Day;8;0
nl;FALSE;M;25-34;Company_9;standard;3;2;2;3;4;4;4;4;4;2;3;4;3;4;3;4;2.45262609626345;4;3;4;-999;-999;-999;-999;4;4;4;4;4;NA;4;4;Day;6.7;0
du;TRUE;M;>=55;Company_3;standard;3;3;3;3;3;4;2;3;3;2;2;4;3;3;2;4;4.36389934804593;3;1;4;-999;-999;-999;-999;4;NA;4;4;4;4;4;4;Day;8.6;1
du;FALSE;F;45-54;Company_8;standard;3;3;2;3;4;4;3;3;4;2;1;4;2;3;2;3;2.82980990336679;3;1;3;-999;-999;-999;-999;4;4;4;3;3;NA;4;4;Day;8.1;1
du;FALSE;M;45-54;Company_4;extended;1;2;2;3;4;4;4;4;4;3;2;4;4;NA;3;3;1.61170561049994;4;3;3;1;3;3;4;4;4;NA;4;NA;4;4;4;Day;8.8;1
nl;FALSE;M;<25;Company_9;standard;3;3;2;3;4;4;4;4;4;3;3;4;3;3;3;3;4.80275173600797;4;3;2;-999;-999;-999;-999;4;4;NA;4;4;4;NA;4;Rotating;7.5;0
nl;FALSE;F;25-34;Company_1;standard;3;3;3;3;4;4;4;4;NA;2;2;4;3;4;4;4;NA;NA;3;4;-999;-999;-999;-999;4;4;4;4;4;4;NA;NA;Rotating;6.1;0
du;FALSE;M;45-54;Company_4;standard;3;3;3;3;3;3;2;3;4;3;3;4;3;4;3;3;2.81989790635388;3;2;2;-999;-999;-999;-999;4;4;4;4;NA;NA;4;NA;Day;8.1;0
nl;FALSE;F;25-34;Company_1;standard;3;3;3;3;NA;2;NA;4;3;3;3;4;4;4;4;4;3.44850359093307;NA;3;4;-999;-999;-999;-999;4;4;NA;NA;4;NA;NA;NA;Rotating;7.4;0
fr;TRUE;M;25-34;Company_4;standard;2;2;3;1;3;2;2;4;2;3;3;4;2;4;3;3;5.05212035261015;4;3;3;-999;-999;-999;-999;4;NA;4;3;4;NA;4;NA;Day;7.2;0
nl;FALSE;M;45-54;Company_4;standard;2;3;3;3;3;NA;3;4;4;3;3;4;4;4;3;4;2.71648506658426;2;3;3;-999;-999;-999;-999;NA;4;4;4;4;4;NA;4;Night;8.8;0
fr;FALSE;M;35-44;Company_3;standard;3;2;3;3;4;NA;3;3;4;2;2;4;4;4;4;4;2.30322374476534;3;3;4;-999;-999;-999;-999;4;4;4;4;4;4;4;4;Day;7.8;0
nl;TRUE;M;35-44;Company_2;standard;2;1;2;2;4;NA;2;4;4;3;3;2;2;1;1;2;2.40801698801933;3;3;1;-999;-999;-999;-999;4;4;4;3;4;4;4;4;Day;7.8;1
nl;FALSE;M;<25;Company_8;standard;2;1;2;1;3;4;4;3;4;NA;3;2;4;4;3;3;3.98392003850986;4;2;3;-999;-999;-999;-999;4;4;4;NA;4;4;4;4;Day;4;1
du;FALSE;F;35-44;Company_10;standard;1;1;1;1;3;4;4;4;4;2;1;4;4;3;4;4;2.27064711276316;4;NA;3;-999;-999;-999;-999;4;4;4;NA;4;4;4;4;Day;8.1;0
du;FALSE;M;35-44;Company_6;standard;2;3;3;3;4;4;4;4;4;3;3;4;3;4;3;3;2.89577609386548;4;3;4;-999;-999;-999;-999;4;4;4;4;NA;4;4;4;Day;6.6;0
du;FALSE;F;45-54;Company_8;standard;2;NA;1;NA;3;4;3;3;4;1;2;4;4;4;4;4;3.92512782935843;3;1;4;-999;-999;-999;-999;NA;4;4;4;4;4;4;4;Day;6.4;1
du;TRUE;M;25-34;Company_5;standard;3;3;3;3;4;4;4;4;4;3;3;3;2;3;3;2;3.34874378968496;2;3;4;-999;-999;-999;-999;4;4;4;4;NA;4;4;4;Rotating;5.8;0
du;TRUE;M;25-34;Company_10;standard;1;3;2;3;3;3;4;4;3;NA;3;4;4;4;4;4;3.08806074040919;3;3;3;-999;-999;-999;-999;4;NA;4;NA;4;4;4;4;Day;5.6;0
du;FALSE;M;25-34;Company_10;standard;3;2;1;2;2;4;3;4;4;2;2;2;2;3;3;3;2.5260363933995;3;2;4;-999;-999;-999;-999;4;4;4;4;4;4;4;4;Rotating;5.9;0
nl;FALSE;M;45-54;Company_4;extended;1;2;3;2;3;2;3;3;2;1;1;4;3;4;3;4;2.87190257308409;1;2;2;4;3;4;3;4;4;4;4;4;4;4;4;Day;8;0
nl;FALSE;M;<25;Company_4;extended;NA;3;NA;3;3;4;2;4;4;3;3;4;3;4;4;4;NA;4;NA;4;3;3;4;3;4;4;4;4;4;4;4;NA;Night;8.9;1
du;FALSE;M;35-44;Company_3;standard;3;3;3;3;3;4;3;4;4;3;3;4;4;4;4;NA;3.24361519721163;4;3;3;-999;-999;-999;-999;NA;4;4;4;NA;4;4;4;Day;6;0
fr;FALSE;F;35-44;Company_4;extended;3;3;2;3;4;4;4;4;4;3;3;4;3;4;4;4;2.35955815942405;4;3;3;3;4;4;4;4;4;4;3;4;NA;4;4;Day;7.6;1
nl;TRUE;M;>=55;Company_4;standard;1;1;2;2;2;4;3;3;3;3;3;4;4;4;NA;3;3.89350534366083;2;3;4;-999;-999;-999;-999;4;NA;4;NA;NA;4;NA;NA;Rotating;6.4;0
du;FALSE;M;35-44;Company_5;standard;1;3;3;2;3;3;3;3;3;2;2;4;3;3;4;4;2.54047519451614;4;3;4;-999;-999;-999;-999;4;4;4;4;NA;4;4;4;Rotating;6.8;0
du;FALSE;M;45-54;Company_9;standard;2;2;3;1;4;4;3;4;4;2;2;4;4;3;4;4;3.1130646933126;3;2;NA;-999;-999;-999;-999;4;NA;4;NA;4;4;4;4;Day;8.3;0
nl;FALSE;M;35-44;Company_3;standard;3;3;3;3;4;3;NA;3;NA;3;3;4;4;4;4;4;4.33182600953974;2;2;4;-999;-999;-999;-999;4;NA;4;4;4;NA;4;NA;Day;5.8;0
du;TRUE;F;45-54;Company_2;standard;1;1;1;NA;4;4;NA;4;4;2;2;3;4;4;3;4;2.63650656868777;4;2;4;-999;-999;-999;-999;NA;4;4;4;NA;NA;4;4;Day;6.1;1
nl;FALSE;M;NA;Company_1;standard;2;2;1;3;3;3;4;3;4;3;3;3;4;4;4;NA;2.36676930602159;4;3;NA;-999;-999;-999;-999;NA;4;NA;4;4;4;4;4;Day;7.9;0
nl;FALSE;NA;45-54;Company_3;standard;NA;3;2;3;3;4;3;3;4;3;3;3;4;3;3;3;3.02017634784286;3;3;NA;-999;-999;-999;-999;4;4;4;4;4;NA;4;4;Day;8.5;0
du;FALSE;NA;25-34;Company_9;standard;1;2;2;3;4;4;3;4;4;3;3;4;3;4;3;3;4.36641310694902;4;3;NA;-999;-999;-999;-999;4;4;4;2;4;4;4;4;Rotating;8.2;0
nl;FALSE;M;35-44;Company_4;standard;3;3;2;3;1;3;1;3;3;3;3;4;4;4;4;4;3.25436567411253;3;3;4;-999;-999;-999;-999;NA;NA;4;4;4;4;4;4;Day;7.4;0
nl;FALSE;F;25-34;Company_3;standard;2;3;2;2;3;4;1;3;3;1;2;NA;NA;3;3;4;2.77188970032885;3;2;2;-999;-999;-999;-999;4;NA;NA;NA;4;3;4;4;Rotating;6;0
du;FALSE;F;NA;Company_5;standard;2;2;1;3;3;1;4;NA;3;3;3;4;NA;4;3;4;3.30723759917289;NA;3;NA;-999;-999;-999;-999;NA;4;4;NA;4;4;4;4;Night;6;0
du;TRUE;M;45-54;Company_3;standard;3;3;3;3;4;4;2;4;4;3;3;4;4;3;3;3;3.58647320256534;4;2;3;-999;-999;-999;-999;4;NA;4;4;4;4;4;4;Day;8.1;0
nl;FALSE;M;45-54;Company_4;extended;1;1;2;3;4;4;4;4;4;3;3;4;4;4;3;4;3.54806610636008;4;3;3;4;1;2;3;4;4;4;4;4;NA;4;4;Rotating;6.3;0
nl;FALSE;M;>=55;Company_1;standard;2;2;2;1;4;4;3;4;4;3;2;4;3;3;3;3;2.97189580265385;4;2;2;-999;-999;-999;-999;4;4;NA;4;4;4;4;4;Day;5.9;0
nl;FALSE;M;45-54;Company_2;standard;3;3;3;3;4;4;2;4;3;2;2;4;4;4;NA;4;4.46162236335074;3;2;3;-999;-999;-999;-999;4;4;NA;4;NA;4;NA;4;Rotating;7.3;0
nl;TRUE;M;25-34;Company_2;standard;3;1;3;2;3;3;3;4;4;3;3;4;4;2;3;3;NA;4;3;4;-999;-999;-999;-999;NA;4;4;NA;NA;4;4;NA;Rotating;4.9;0
du;FALSE;M;45-54;Company_10;standard;1;1;1;3;2;4;4;4;NA;2;2;3;4;4;3;4;2.86330960376356;3;1;3;-999;-999;-999;-999;4;4;NA;4;4;4;3;NA;Rotating;6.1;0
nl;FALSE;F;35-44;Company_2;standard;2;2;1;3;3;4;4;4;4;3;3;2;3;3;1;3;3.56997428926815;4;3;3;-999;-999;-999;-999;4;4;4;NA;4;NA;NA;4;Night;9.9;1
du;FALSE;M;35-44;Company_1;standard;3;2;3;3;3;2;3;4;4;3;3;3;4;4;3;4;3.20494390995902;1;3;4;-999;-999;-999;-999;NA;4;4;4;4;4;4;4;Day;6.7;0
du;FALSE;M;>=55;Company_7;standard;3;3;3;3;NA;4;4;4;4;NA;3;4;4;4;3;4;2.57988583731673;4;3;4;-999;-999;-999;-999;NA;4;4;4;4;4;NA;4;Day;6.3;0
du;FALSE;F;45-54;Company_10;standard;3;3;1;3;4;NA;3;3;4;2;3;2;3;2;4;3;2.04696625129789;3;3;3;-999;-999;-999;-999;4;4;4;NA;4;3;4;4;Day;6.8;0
nl;FALSE;M;>=55;Company_7;standard;3;3;2;3;4;4;4;3;3;3;3;3;4;3;4;4;3.02987785342248;3;3;NA;-999;-999;-999;-999;NA;4;4;4;NA;4;4;4;Day;6.6;1
nl;FALSE;M;>=55;Company_4;standard;NA;2;3;3;3;3;NA;3;NA;3;3;4;3;4;3;3;2.54116484873203;4;3;3;-999;-999;-999;-999;NA;4;4;4;4;NA;4;NA;Day;8.6;1
nl;TRUE;F;25-34;Company_5;standard;3;NA;3;3;NA;3;4;3;3;3;3;2;4;4;2;4;3.00661026562239;3;3;4;-999;-999;-999;-999;NA;NA;4;4;4;NA;NA;4;Day;6.5;0
du;TRUE;F;35-44;Company_5;standard;2;2;1;1;2;3;3;3;3;3;3;4;3;3;3;2;2.06127354325921;3;3;4;-999;-999;-999;-999;NA;NA;4;4;4;NA;4;4;Day;6.5;0
fr;TRUE;M;25-34;Company_10;standard;2;3;3;3;3;4;3;4;4;3;2;4;4;4;4;NA;1.82603204449502;4;3;4;-999;-999;-999;-999;NA;4;4;4;4;4;4;4;Day;9.1;0
du;TRUE;M;25-34;Company_7;standard;3;3;3;3;4;4;2;4;4;3;2;4;NA;4;4;4;2.83883557522185;4;3;3;-999;-999;-999;-999;4;4;4;NA;NA;NA;NA;4;Night;6.6;0
nl;FALSE;F;45-54;Company_7;standard;3;3;3;3;3;3;4;4;4;3;3;4;4;4;4;3;2.85382834643546;3;3;3;-999;-999;-999;-999;4;4;4;NA;4;4;4;4;Rotating;8.4;0
nl;TRUE;M;35-44;Company_4;extended;1;3;2;3;3;3;2;4;4;3;3;1;4;3;1;4;2.86380626588582;3;3;4;3;2;4;4;4;3;4;4;4;4;4;4;Day;7.4;0
du;FALSE;F;35-44;Company_10;standard;2;3;2;3;3;3;4;4;4;2;3;4;4;3;3;3;3.1370936013387;4;3;4;-999;-999;-999;-999;NA;4;4;4;NA;4;NA;NA;Day;6.3;1
du;TRUE;F;45-54;Company_4;standard;3;3;3;3;4;4;NA;NA;4;3;3;4;4;4;3;4;2.96522726884262;4;3;3;-999;-999;-999;-999;4;4;4;4;NA;NA;4;4;Day;5.4;0
nl;FALSE;M;35-44;Company_10;standard;3;3;3;3;4;4;NA;4;4;1;1;4;4;4;2;3;NA;4;3;3;-999;-999;-999;-999;NA;4;NA;4;4;NA;4;4;Day;9.1;0
nl;FALSE;M;25-34;Company_8;standard;1;2;3;3;4;4;3;NA;4;3;NA;4;NA;4;3;4;2.82158544963383;4;2;3;-999;-999;-999;-999;4;4;4;NA;4;4;NA;4;Day;6.9;1
nl;FALSE;F;45-54;Company_7;standard;3;2;3;3;4;4;4;4;4;3;NA;4;4;4;4;4;2.68155597065675;4;3;4;-999;-999;-999;-999;4;4;NA;4;4;4;4;4;Day;6.4;0
nl;FALSE;F;45-54;Company_9;standard;2;2;2;3;2;2;1;2;3;3;3;4;4;4;4;4;3.90965832201971;1;3;4;-999;-999;-999;-999;NA;4;NA;4;4;3;4;4;Rotating;5;1
du;FALSE;M;35-44;Company_4;extended;3;2;NA;3;4;4;3;4;4;3;3;4;4;NA;3;NA;5.32197068755307;4;3;NA;2;3;3;4;NA;4;NA;4;NA;4;NA;4;Night;6.3;0
nl;TRUE;F;35-44;Company_4;standard;2;2;2;NA;1;4;1;3;2;2;3;4;4;4;2;4;3.15312911083007;2;2;2;-999;-999;-999;-999;4;4;NA;4;4;3;4;4;Day;6.9;0
nl;FALSE;F;25-34;Company_2;standard;2;2;3;1;3;3;3;3;2;2;1;4;4;4;4;4;3.30010808792769;1;1;4;-999;-999;-999;-999;4;NA;4;NA;4;NA;4;4;Rotating;7.6;1
nl;FALSE;M;35-44;Company_10;standard;2;3;3;3;3;3;3;4;4;3;3;4;NA;3;2;4;3.01891107582304;3;3;4;-999;-999;-999;-999;NA;NA;4;NA;4;4;NA;NA;Day;7.5;1
nl;FALSE;F;35-44;Company_4;standard;1;3;1;3;4;4;4;4;NA;3;3;4;4;4;4;4;3.23905968397644;4;3;4;-999;-999;-999;-999;4;4;NA;4;4;4;4;NA;Day;5.7;1
nl;TRUE;F;45-54;Company_7;standard;3;3;3;NA;2;4;3;4;3;3;3;NA;4;3;4;4;3.57850550352531;2;3;4;-999;-999;-999;-999;NA;NA;4;4;4;4;4;4;Day;6.2;0
du;FALSE;F;25-34;Company_4;extended;3;3;3;3;2;3;NA;4;3;3;3;3;4;4;2;2;3.91989925610183;3;3;3;3;3;2;3;4;4;4;4;4;NA;NA;4;Day;7.1;1
du;FALSE;M;45-54;Company_2;standard;2;3;1;2;4;3;3;4;4;3;3;4;4;3;4;4;NA;4;3;4;-999;-999;-999;-999;4;4;NA;4;4;4;4;4;Day;6.8;1
nl;TRUE;F;>=55;Company_9;standard;2;3;NA;3;4;3;3;4;3;3;3;3;4;4;4;4;3.59903003062188;3;3;4;-999;-999;-999;-999;4;4;4;NA;4;4;4;4;Rotating;7.1;1
du;TRUE;F;35-44;Company_8;standard;3;1;2;3;4;4;4;3;3;NA;3;3;4;4;3;4;3.76528872608746;3;3;4;-999;-999;-999;-999;4;NA;4;4;4;4;4;4;Day;7.4;0
du;FALSE;F;45-54;Company_8;standard;2;2;NA;3;4;3;4;4;4;2;2;4;4;3;NA;3;3.95364777418085;2;3;4;-999;-999;-999;-999;NA;4;NA;NA;NA;4;NA;4;Day;6.8;1
nl;TRUE;M;45-54;Company_8;standard;3;3;3;3;4;4;4;4;4;3;3;NA;4;4;4;4;3.27092292635381;4;3;4;-999;-999;-999;-999;NA;NA;NA;4;4;4;4;NA;Day;7.3;0
du;TRUE;M;45-54;Company_5;standard;3;3;2;3;3;4;4;4;4;2;1;4;4;4;3;4;4.01830650508398;1;3;NA;-999;-999;-999;-999;NA;4;4;4;4;4;NA;NA;Day;4.4;0
nl;FALSE;M;45-54;Company_1;standard;3;3;3;3;NA;4;4;4;4;3;3;1;3;4;4;4;3.28506624755343;4;3;NA;-999;-999;-999;-999;4;4;4;4;4;4;NA;4;Day;6.7;0
fr;FALSE;M;>=55;Company_4;extended;3;NA;3;3;2;4;4;4;4;3;3;4;3;4;4;NA;NA;4;3;4;4;4;2;3;NA;4;4;4;4;4;4;4;Day;7.5;0
du;TRUE;M;25-34;Company_1;standard;3;2;NA;3;3;2;4;NA;3;3;3;4;4;4;4;4;2.1996101380651;4;3;4;-999;-999;-999;-999;4;4;4;4;4;4;4;4;Day;9.8;0
du;FALSE;M;25-34;Company_5;standard;3;3;2;3;2;4;NA;3;4;1;2;3;4;4;3;4;2.61295790096917;3;NA;4;-999;-999;-999;-999;4;4;4;4;4;NA;4;4;Day;7.5;1
fr;FALSE;M;25-34;Company_4;extended;3;3;3;3;NA;2;1;2;4;NA;3;3;3;NA;1;3;2.1464797037836;3;3;4;2;2;3;4;4;4;NA;4;4;4;NA;4;Day;8.5;1
nl;FALSE;F;35-44;Company_10;standard;3;NA;3;3;3;4;4;4;4;1;1;1;2;1;2;2;2.0478025239935;4;NA;2;-999;-999;-999;-999;NA;3;4;4;4;4;4;4;Day;7.4;0
du;FALSE;M;25-34;Company_2;standard;3;2;2;3;4;4;4;4;4;2;2;4;4;4;4;4;4.04607101560542;NA;2;4;-999;-999;-999;-999;4;4;4;4;4;4;4;4;Day;4.7;0
nl;TRUE;M;45-54;Company_10;standard;3;3;2;3;3;4;3;3;3;3;3;NA;NA;2;3;3;2.47110405707911;4;3;3;-999;-999;-999;-999;4;NA;4;NA;4;4;4;4;Rotating;7.3;0
nl;FALSE;M;35-44;Company_7;standard;2;3;2;3;NA;4;4;4;4;3;3;3;4;4;4;3;3.68757671080214;4;3;NA;-999;-999;-999;-999;4;NA;4;4;4;4;NA;NA;Day;5.6;0
nl;TRUE;F;45-54;Company_3;standard;3;3;3;3;4;3;4;3;4;3;3;3;4;4;3;4;2.98330910448142;4;3;3;-999;-999;-999;-999;4;4;4;4;NA;4;4;NA;Rotating;8.5;0
du;FALSE;F;>=55;Company_9;standard;3;NA;3;3;3;4;4;4;3;3;2;4;4;4;3;2;2.85289190806744;3;2;3;-999;-999;-999;-999;4;NA;4;4;4;4;4;4;Day;6.2;0
nl;FALSE;F;45-54;Company_6;standard;3;2;3;3;4;3;3;2;4;3;3;2;3;4;NA;3;3.8253387742132;4;3;4;-999;-999;-999;-999;4;4;4;NA;NA;4;4;4;Day;9.3;0
nl;FALSE;M;45-54;Company_6;standard;3;3;3;3;2;3;3;4;4;2;2;3;4;4;3;4;2.20388204593845;3;1;4;-999;-999;-999;-999;4;4;NA;4;NA;NA;4;4;Day;7;0
du;FALSE;M;45-54;Company_8;standard;1;NA;1;2;4;4;4;4;4;1;1;2;4;4;3;NA;2.11839862994304;NA;1;2;-999;-999;-999;-999;NA;4;4;NA;4;4;4;NA;Rotating;8.2;0
nl;FALSE;F;35-44;Company_6;standard;2;2;1;3;3;2;4;4;4;3;3;4;4;4;4;3;3.42063813075547;2;2;3;-999;-999;-999;-999;4;4;4;NA;4;4;4;4;Day;5.7;0
nl;FALSE;M;45-54;Company_4;standard;3;3;3;3;3;3;NA;2;4;2;3;3;4;2;4;4;3.90148842751735;4;NA;4;-999;-999;-999;-999;4;NA;4;4;4;NA;4;NA;Day;7;0
nl;TRUE;M;45-54;Company_6;standard;3;2;2;3;4;4;3;4;4;3;3;3;4;3;2;4;3.42913393323016;4;3;3;-999;-999;-999;-999;4;4;4;4;NA;4;4;4;Rotating;5.8;1
nl;FALSE;M;45-54;Company_8;standard;3;3;2;1;2;4;4;3;3;3;3;4;2;NA;3;2;3.81819944987856;3;3;2;-999;-999;-999;-999;4;NA;NA;4;4;4;4;4;Day;6.9;1
du;FALSE;F;35-44;Company_6;standard;2;2;2;2;3;4;3;4;3;3;3;4;3;2;4;4;2.25314185344027;4;3;4;-999;-999;-999;-999;4;NA;4;4;4;NA;4;4;Rotating;5.1;0
nl;FALSE;M;35-44;Company_7;standard;2;2;1;1;4;4;3;4;4;3;3;2;4;3;4;2;4.00765100516327;4;3;3;-999;-999;-999;-999;4;4;4;4;4;NA;NA;4;Day;7.7;1
du;TRUE;F;25-34;Company_1;standard;3;3;3;3;4;4;2;3;3;3;3;4;4;4;4;4;2.96627228463123;4;3;3;-999;-999;-999;-999;4;NA;NA;4;4;4;4;4;Rotating;5.2;0
du;FALSE;F;35-44;Company_10;standard;3;NA;3;3;4;4;4;4;4;3;3;4;4;4;4;4;NA;4;3;3;-999;-999;-999;-999;4;NA;NA;4;4;NA;4;4;Rotating;6;0
du;FALSE;M;35-44;Company_6;standard;2;3;2;3;3;4;2;4;4;3;3;3;4;3;3;1;3.58195036621843;3;3;2;-999;-999;-999;-999;4;4;4;4;NA;4;4;NA;Day;4.2;0
du;TRUE;M;25-34;Company_10;standard;NA;2;3;3;3;4;2;3;3;1;2;2;4;4;3;2;2.73857134839468;4;2;1;-999;-999;-999;-999;NA;NA;4;4;NA;3;4;4;Day;6;0
nl;FALSE;M;35-44;Company_4;standard;1;1;1;2;3;4;3;3;3;3;3;4;4;4;4;3;1.33619837071326;1;3;3;-999;-999;-999;-999;4;NA;4;NA;NA;4;4;4;Day;7;0
du;FALSE;F;45-54;Company_6;standard;1;2;NA;3;3;4;3;4;4;3;3;1;3;4;3;4;3.68137900027325;3;NA;3;-999;-999;-999;-999;4;4;4;NA;4;4;4;4;Rotating;7.8;0
du;FALSE;F;>=55;Company_6;standard;3;3;3;3;4;4;3;4;4;2;2;4;3;4;4;3;4.70359792204763;4;3;3;-999;-999;-999;-999;4;NA;4;4;4;4;NA;4;Day;7.3;0
du;FALSE;F;45-54;Company_7;standard;2;1;2;1;3;4;4;4;3;2;3;3;3;3;3;4;3.27084160692667;3;1;4;-999;-999;-999;-999;4;NA;4;4;NA;4;4;4;Day;8.4;0
nl;TRUE;F;45-54;Company_9;standard;2;3;1;3;4;3;2;4;3;3;3;4;3;4;3;3;3.34515646335149;3;2;4;-999;-999;-999;-999;4;4;4;4;4;4;4;4;Rotating;7.1;0
du;TRUE;F;45-54;Company_3;standard;1;3;2;2;4;4;4;4;4;2;3;3;4;3;3;3;2.18677104834277;3;3;4;-999;-999;-999;-999;4;4;4;NA;4;NA;NA;4;Day;8.9;0
du;FALSE;M;45-54;Company_5;standard;2;3;3;3;4;4;4;4;4;3;1;4;4;4;3;4;NA;2;1;4;-999;-999;-999;-999;4;4;NA;NA;4;4;4;4;Day;7.6;1
nl;FALSE;M;25-34;Company_4;standard;1;2;1;2;4;1;4;2;3;2;3;4;4;4;4;4;3.5910847114287;3;2;4;-999;-999;-999;-999;4;4;4;4;4;4;4;4;Rotating;5.7;1
nl;FALSE;M;>=55;Company_9;standard;3;3;3;3;NA;4;4;4;4;3;3;4;4;3;3;3;2.76049314916707;4;3;4;-999;-999;-999;-999;4;NA;4;4;4;4;NA;4;Day;5.6;0
nl;FALSE;F;45-54;Company_8;standard;NA;NA;2;2;2;3;4;3;3;NA;NA;4;4;4;4;3;2.73128628709896;3;3;4;-999;-999;-999;-999;NA;4;4;4;4;4;4;4;Rotating;7.7;1
nl;TRUE;M;25-34;Company_2;standard;2;3;3;3;2;4;3;3;3;3;3;2;2;3;3;NA;3.39983301893213;3;3;2;-999;-999;-999;-999;NA;4;4;NA;4;4;4;4;Day;8;0
nl;FALSE;F;45-54;Company_10;standard;3;2;3;2;NA;4;2;4;3;2;3;4;4;3;2;4;2.65670042216538;3;2;4;-999;-999;-999;-999;4;4;4;NA;4;3;NA;4;Day;8.3;0
nl;FALSE;M;45-54;Company_7;standard;3;3;3;3;4;4;4;4;4;3;3;4;3;4;4;NA;3.5409859510505;4;3;4;-999;-999;-999;-999;NA;4;NA;4;4;4;4;4;Day;6.7;0
nl;FALSE;M;45-54;Company_2;standard;2;3;2;3;3;2;2;3;4;3;3;3;4;3;4;3;NA;3;2;4;-999;-999;-999;-999;4;NA;NA;4;4;NA;4;NA;Day;6.2;0
nl;FALSE;M;45-54;Company_2;standard;3;2;3;3;3;4;4;4;4;3;NA;4;3;3;4;4;4.05398693421778;3;3;4;-999;-999;-999;-999;NA;4;4;4;4;4;4;4;Day;6.7;0
du;FALSE;M;25-34;Company_8;standard;3;3;2;3;3;4;4;4;NA;3;3;3;3;4;3;4;2.58345284594727;NA;NA;3;-999;-999;-999;-999;4;NA;NA;4;4;4;NA;NA;Day;7.8;1
nl;TRUE;M;>=55;Company_9;standard;3;2;3;3;3;4;4;4;4;1;2;4;4;4;4;4;2.03858204479179;4;2;4;-999;-999;-999;-999;4;4;4;4;4;4;4;NA;Day;5.1;0
nl;TRUE;F;35-44;Company_1;standard;3;2;2;3;4;4;2;4;NA;3;3;4;4;4;3;NA;2.87443830847329;3;3;4;-999;-999;-999;-999;NA;4;NA;4;4;4;4;NA;Day;7.7;0
du;FALSE;F;45-54;Company_6;standard;3;2;3;NA;1;1;1;1;1;1;1;4;4;4;3;3;NA;1;2;4;-999;-999;-999;-999;NA;4;4;4;4;4;NA;4;Day;7.2;1
nl;FALSE;M;25-34;Company_6;standard;3;2;3;3;1;1;3;2;4;2;2;4;4;4;4;4;3.29406158537756;4;1;4;-999;-999;-999;-999;4;4;NA;4;4;4;3;NA;Day;8.9;0
du;FALSE;F;45-54;Company_6;standard;1;3;3;3;3;3;3;4;4;2;3;3;4;4;4;4;2.95720268508461;4;2;4;-999;-999;-999;-999;4;4;NA;NA;4;4;4;4;Rotating;6.3;0
nl;FALSE;M;25-34;Company_10;standard;3;3;3;3;4;4;4;4;4;1;2;4;4;3;2;4;4.37425772451404;4;1;3;-999;-999;-999;-999;4;4;4;4;NA;4;4;4;Day;7.6;0
du;FALSE;M;>=55;Company_5;standard;3;2;2;3;2;4;3;4;3;3;1;4;4;4;4;4;3.38443973802454;4;2;4;-999;-999;-999;-999;4;4;4;4;4;4;4;NA;Day;7.1;0
fr;FALSE;F;35-44;Company_10;standard;3;2;3;3;NA;4;4;4;4;3;3;2;3;3;1;3;4.61229326376187;4;3;3;-999;-999;-999;-999;NA;4;4;NA;3;4;NA;4;Night;10;0
du;FALSE;M;45-54;Company_7;standard;1;1;2;1;4;4;NA;4;4;3;3;4;4;4;3;4;3.91553576959443;4;2;4;-999;-999;-999;-999;4;4;NA;4;NA;NA;NA;4;Night;8.1;1
du;FALSE;F;35-44;Company_6;standard;2;3;2;3;3;3;3;3;3;3;3;3;NA;3;2;3;2.48641070662748;NA;3;3;-999;-999;-999;-999;4;NA;4;NA;4;4;4;4;Day;8.4;0
nl;FALSE;M;>=55;Company_7;standard;3;3;3;3;4;3;3;4;4;3;3;3;4;4;2;3;1.40518298842742;3;3;4;-999;-999;-999;-999;4;4;4;4;4;3;4;NA;Day;6.8;1
fr;FALSE;M;35-44;Company_6;standard;2;3;1;3;3;3;2;4;3;3;3;4;NA;NA;4;4;3.52358881915374;4;2;3;-999;-999;-999;-999;4;4;NA;NA;4;3;4;4;Rotating;7.9;0
du;FALSE;M;45-54;Company_10;standard;3;3;3;3;3;3;4;4;4;3;3;3;3;NA;NA;3;3.39328011044597;3;3;4;-999;-999;-999;-999;NA;NA;NA;4;NA;4;4;4;Rotating;8.9;0
du;FALSE;F;>=55;Company_10;standard;3;3;3;3;3;2;2;4;3;3;3;4;4;4;4;4;2.48183199586628;3;3;4;-999;-999;-999;-999;4;NA;4;4;4;4;4;4;Rotating;10;0
nl;FALSE;F;45-54;Company_1;standard;NA;2;1;1;4;4;NA;4;4;3;3;3;4;2;NA;3;3.90073246766951;4;3;3;-999;-999;-999;-999;4;4;NA;4;NA;NA;4;4;Rotating;5;0
nl;FALSE;M;35-44;Company_5;standard;2;2;2;2;3;4;3;3;4;2;1;4;4;4;4;4;2.41720591644265;4;1;4;-999;-999;-999;-999;4;4;4;NA;NA;4;4;NA;Day;8.2;0
nl;FALSE;F;25-34;Company_8;standard;3;2;3;2;3;4;3;4;4;2;2;4;4;4;4;4;4.18238104586523;3;2;4;-999;-999;-999;-999;4;4;4;4;NA;4;4;4;Day;5.8;0
du;FALSE;M;25-34;Company_5;standard;3;3;3;3;3;4;3;3;4;2;2;3;NA;4;2;NA;4.48448378038749;4;2;4;-999;-999;-999;-999;NA;4;NA;NA;4;4;4;4;Day;6.9;0
du;FALSE;F;35-44;Company_10;standard;3;3;3;3;NA;3;4;3;4;3;3;4;4;4;3;4;3.12141017057711;3;3;4;-999;-999;-999;-999;4;NA;4;NA;4;4;NA;4;Day;6.4;0
du;FALSE;M;25-34;Company_7;standard;3;3;NA;2;3;3;2;3;3;1;1;2;3;2;3;4;2.29030251350235;1;2;3;-999;-999;-999;-999;4;4;4;NA;4;3;4;4;Rotating;5.4;0
nl;FALSE;F;>=55;Company_5;standard;2;2;2;3;3;4;3;NA;3;3;3;4;4;4;4;NA;NA;1;3;NA;-999;-999;-999;-999;NA;NA;4;4;NA;4;4;4;Day;6.6;0
du;TRUE;M;35-44;Company_9;standard;NA;2;3;3;2;4;1;3;4;3;3;4;4;4;3;3;3.29880628674392;3;3;3;-999;-999;-999;-999;4;4;NA;4;4;4;4;4;Rotating;7;0
nl;TRUE;M;>=55;Company_2;standard;3;3;3;1;4;4;3;3;4;NA;1;3;4;4;4;3;3.24707287600656;3;1;NA;-999;-999;-999;-999;NA;4;4;4;NA;4;NA;4;Day;5.8;1
fr;FALSE;M;25-34;Company_4;standard;1;3;2;1;4;4;4;4;4;3;2;3;2;1;2;3;3.6092929603405;3;3;2;-999;-999;-999;-999;NA;NA;4;4;4;NA;NA;4;Day;7.3;0
du;FALSE;F;>=55;Company_8;standard;1;2;2;3;3;3;3;4;4;2;2;4;4;4;4;4;NA;3;2;4;-999;-999;-999;-999;4;4;NA;4;4;4;NA;4;Day;7.4;0
nl;FALSE;M;35-44;Company_3;standard;3;2;1;3;4;4;3;4;4;1;1;3;4;NA;4;2;2.32271207191183;NA;NA;3;-999;-999;-999;-999;4;4;NA;NA;4;4;4;4;Day;6.4;1
nl;TRUE;M;35-44;Company_3;standard;3;2;2;3;3;2;1;4;NA;3;3;4;3;3;4;4;3.06261344069153;2;3;4;-999;-999;-999;-999;4;4;4;4;NA;4;4;NA;Rotating;5.6;0
du;FALSE;NA;>=55;Company_5;standard;3;3;NA;3;4;2;3;4;NA;3;3;3;3;2;2;2;2.83740764332537;1;3;NA;-999;-999;-999;-999;4;4;NA;4;4;NA;4;NA;Day;7.4;0
du;FALSE;F;35-44;Company_10;standard;3;2;3;3;3;4;2;NA;4;3;3;3;4;1;2;NA;4.02131692115198;4;3;3;-999;-999;-999;-999;NA;4;NA;4;4;3;4;4;Day;4.9;0
du;TRUE;M;35-44;Company_9;standard;1;2;2;2;2;3;3;4;4;1;2;3;4;3;3;3;3.6275344064372;4;1;2;-999;-999;-999;-999;NA;4;NA;NA;4;4;4;4;Rotating;6.9;0
nl;FALSE;F;25-34;Company_9;standard;NA;2;2;2;4;4;3;4;NA;3;3;4;2;4;3;3;3.08359865987944;4;3;3;-999;-999;-999;-999;NA;4;NA;4;NA;4;4;NA;Day;7.7;1
fr;FALSE;M;25-34;Company_6;standard;2;2;3;2;4;4;3;4;4;3;3;4;4;4;4;4;2.68021354968726;3;3;4;-999;-999;-999;-999;4;4;4;4;4;4;4;4;Day;6.1;0
nl;FALSE;M;<25;Company_5;standard;1;1;1;1;3;4;2;4;4;3;2;3;4;3;3;4;4.90750180937993;4;3;4;-999;-999;-999;-999;4;NA;4;NA;4;4;4;4;Day;7.3;0
nl;TRUE;M;<25;Company_10;standard;3;2;3;2;3;4;4;4;4;3;2;4;2;4;3;4;4.87983656480865;4;3;4;-999;-999;-999;-999;4;4;NA;NA;4;4;4;4;Rotating;4.5;0
nl;FALSE;M;45-54;Company_3;standard;3;2;3;3;4;4;2;4;4;2;1;NA;3;4;3;NA;4.63403249261787;4;1;4;-999;-999;-999;-999;NA;NA;4;4;NA;4;4;4;Day;6.3;0
nl;TRUE;M;35-44;Company_4;extended;2;3;NA;3;4;4;4;4;4;1;1;4;4;4;3;4;2.87245808113327;4;1;4;1;4;3;2;4;4;4;4;4;4;4;NA;Day;6;1
nl;FALSE;M;45-54;Company_2;standard;3;3;3;NA;4;4;4;4;4;1;1;NA;4;4;4;4;3.56430510822272;4;3;4;-999;-999;-999;-999;4;NA;4;NA;4;4;4;4;Night;5.7;0
nl;FALSE;M;45-54;Company_4;extended;2;1;1;2;3;3;1;2;3;3;1;4;3;4;4;4;3.15082083315869;3;3;3;4;1;1;1;4;NA;NA;NA;4;NA;4;4;Rotating;8.6;0
nl;FALSE;M;25-34;Company_6;standard;2;2;2;3;4;4;3;4;4;3;3;4;4;4;4;4;3.04100318381789;4;3;4;-999;-999;-999;-999;4;4;4;4;4;4;NA;4;Day;7.5;0
nl;FALSE;M;25-34;Company_4;extended;1;1;1;3;4;3;4;NA;3;3;3;3;4;4;3;3;3.03906696231828;4;3;4;2;1;1;3;4;4;4;4;4;NA;4;4;Day;5.6;1
nl;FALSE;M;35-44;Company_7;standard;3;3;NA;3;4;4;4;4;4;3;3;4;4;4;4;3;3.3313214006999;4;3;NA;-999;-999;-999;-999;NA;4;4;4;4;4;4;4;Day;7.2;0
fr;FALSE;M;>=55;Company_4;extended;2;2;2;3;3;NA;2;3;3;3;3;4;4;3;2;3;2.20852552649727;4;NA;3;2;4;1;4;4;4;4;4;4;4;4;4;Day;7.5;0
nl;FALSE;M;>=55;Company_8;standard;3;3;3;3;4;4;3;4;3;3;3;3;4;4;3;4;2.93437475448841;4;3;4;-999;-999;-999;-999;4;4;4;NA;NA;4;4;NA;Rotating;6.3;1
nl;FALSE;M;45-54;Company_6;standard;2;2;1;2;2;2;2;2;4;3;2;4;4;4;NA;4;4.37982902019721;1;2;4;-999;-999;-999;-999;4;4;4;4;NA;NA;4;NA;Rotating;9.3;0
nl;TRUE;M;25-34;Company_3;standard;2;3;3;3;3;3;4;4;3;2;3;4;4;4;4;4;2.28188472404806;4;3;4;-999;-999;-999;-999;4;NA;NA;NA;4;4;4;4;Night;7.3;0
nl;FALSE;M;<25;Company_1;standard;2;1;2;1;4;4;4;4;4;3;NA;4;4;4;4;4;2.8153154955946;4;3;4;-999;-999;-999;-999;4;4;4;4;4;4;4;4;Rotating;4.2;0
nl;TRUE;F;45-54;Company_10;standard;1;3;3;2;4;4;4;4;4;2;3;4;4;4;3;4;2.72699977798208;4;2;4;-999;-999;-999;-999;4;4;NA;4;4;NA;4;4;Day;5.7;0
nl;FALSE;M;45-54;Company_6;standard;2;1;3;2;2;3;2;2;3;3;3;4;4;4;4;4;3.10639576410274;1;3;4;-999;-999;-999;-999;4;NA;4;4;NA;4;4;4;Day;7.7;0
du;FALSE;M;25-34;Company_3;standard;2;NA;1;3;3;4;4;3;2;NA;3;4;4;3;3;3;2.78543078956909;1;3;4;-999;-999;-999;-999;NA;4;4;4;4;4;NA;4;Day;7.3;0
du;FALSE;M;45-54;Company_3;standard;2;3;1;1;4;NA;3;4;4;3;3;4;3;4;2;3;2.68459011886501;3;3;4;-999;-999;-999;-999;4;NA;4;4;4;4;4;4;Day;7.1;0
du;FALSE;M;>=55;Company_9;standard;3;3;3;3;3;3;2;4;4;3;2;4;4;4;4;4;5.12190278181829;3;1;4;-999;-999;-999;-999;4;4;NA;4;4;4;4;4;Day;8.2;0
du;TRUE;M;25-34;Company_2;standard;3;3;NA;3;3;4;3;4;NA;3;2;4;4;4;4;4;3.34876995537018;NA;3;4;-999;-999;-999;-999;4;4;4;4;4;4;4;NA;Day;7.1;0
fr;TRUE;F;45-54;Company_1;standard;3;2;NA;2;3;4;2;4;4;3;3;4;4;4;3;4;4.65611019635046;4;3;NA;-999;-999;-999;-999;4;4;4;4;4;NA;4;NA;Rotating;7.7;0
du;FALSE;M;35-44;Company_1;standard;3;NA;3;3;4;4;4;4;4;3;3;3;NA;4;4;4;2.40695539688522;4;3;4;-999;-999;-999;-999;4;NA;4;NA;4;4;4;4;Night;7.6;0
nl;TRUE;M;25-34;Company_8;standard;3;3;3;3;4;4;3;4;4;3;3;4;4;4;4;4;2.21167336929178;4;3;4;-999;-999;-999;-999;4;NA;NA;NA;4;4;4;NA;Day;4.3;0
du;FALSE;M;25-34;Company_1;standard;3;3;3;3;3;4;3;3;4;3;3;3;3;3;2;2;3.56734840865273;4;3;3;-999;-999;-999;-999;4;4;4;4;4;4;4;4;Day;8.4;0
du;FALSE;M;35-44;Company_6;standard;1;1;1;1;3;NA;2;4;3;3;3;3;4;4;4;4;3.54863026834513;3;3;4;-999;-999;-999;-999;4;4;NA;NA;4;4;4;NA;Day;8.3;1
fr;FALSE;F;25-34;Company_9;standard;1;3;3;3;3;4;3;3;NA;3;3;4;4;4;4;NA;2.91100914133124;4;3;4;-999;-999;-999;-999;NA;4;4;4;4;4;4;NA;Rotating;6.7;0
nl;FALSE;F;45-54;Company_7;standard;1;2;2;3;4;3;3;2;3;3;3;4;4;4;3;4;2.49663036104047;3;3;4;-999;-999;-999;-999;4;4;NA;4;4;NA;4;4;Day;6.5;0
du;FALSE;F;45-54;Company_4;standard;2;3;3;3;3;3;4;NA;4;3;3;4;3;4;4;4;3.65981910285171;3;3;4;-999;-999;-999;-999;4;4;NA;4;4;4;4;NA;Rotating;5.1;0
nl;FALSE;F;25-34;Company_6;standard;1;2;3;3;4;3;4;4;3;3;3;3;4;3;3;4;2.45901059350876;4;3;4;-999;-999;-999;-999;4;4;4;4;4;4;4;4;Rotating;8.1;1
nl;FALSE;M;>=55;Company_8;standard;3;1;3;NA;2;3;4;3;3;3;3;4;4;3;4;3;3.11773243566799;2;3;4;-999;-999;-999;-999;4;4;4;4;4;4;4;NA;Rotating;7;1
nl;FALSE;F;45-54;Company_6;standard;1;1;1;1;3;4;2;4;3;2;3;4;4;4;NA;4;3.51753990697991;3;3;4;-999;-999;-999;-999;4;NA;4;NA;NA;3;NA;4;Day;6.9;0
nl;FALSE;F;25-34;Company_4;extended;3;3;3;3;4;3;4;4;4;2;3;4;4;4;4;4;2.96025474316523;2;3;4;4;2;2;3;4;4;4;NA;4;NA;4;4;Rotating;5.9;0
nl;FALSE;M;45-54;Company_4;extended;NA;2;2;3;2;4;NA;3;4;3;3;4;4;4;3;4;3.56059980809602;1;3;4;1;4;2;4;4;4;4;NA;NA;NA;4;4;Day;7;0
nl;TRUE;M;45-54;Company_10;standard;3;2;1;3;4;4;4;4;NA;3;2;4;4;4;4;4;4.41122258286195;4;3;3;-999;-999;-999;-999;4;4;4;4;NA;4;4;NA;Day;7.4;0
nl;TRUE;F;45-54;Company_5;standard;2;1;1;NA;2;3;2;4;4;3;3;3;4;4;1;3;1.80926879099173;3;3;4;-999;-999;-999;-999;NA;4;4;4;4;4;NA;4;Day;6.9;1
nl;FALSE;M;>=55;Company_3;standard;1;2;3;3;4;4;3;NA;4;3;2;4;3;3;3;4;3.94700974772761;2;3;3;-999;-999;-999;-999;4;4;4;4;4;4;4;4;Day;8.6;0
nl;FALSE;F;25-34;Company_4;extended;3;3;2;3;4;4;2;4;4;1;1;4;4;3;3;4;2.94041958709057;4;2;4;3;2;2;3;4;4;4;NA;4;4;4;4;Day;4.9;0
du;FALSE;M;45-54;Company_3;standard;2;NA;2;1;4;4;3;4;4;3;3;4;3;3;2;3;3.48837397441737;3;3;4;-999;-999;-999;-999;NA;NA;4;4;4;4;4;4;Night;5.3;1
nl;FALSE;M;35-44;Company_4;standard;3;3;3;3;4;4;3;4;4;NA;2;4;4;4;4;4;3.46161035825984;4;NA;4;-999;-999;-999;-999;4;NA;4;NA;NA;4;4;NA;Rotating;8.8;0
du;FALSE;M;>=55;Company_5;standard;3;NA;3;2;3;3;3;3;4;3;3;3;3;3;2;1;1.93292315541045;3;3;3;-999;-999;-999;-999;NA;4;4;4;4;NA;4;4;Day;5.8;0
nl;TRUE;F;45-54;Company_8;standard;3;2;3;3;4;4;2;3;4;3;3;3;3;3;1;2;3.4279988989604;3;3;3;-999;-999;-999;-999;NA;4;4;4;4;2;4;NA;Rotating;7.2;0
fr;FALSE;M;>=55;Company_9;standard;1;1;1;2;3;4;4;4;4;3;3;4;3;4;NA;4;4.34923659327302;2;3;4;-999;-999;-999;-999;4;4;4;4;NA;4;4;4;Day;6;0
du;FALSE;M;>=55;Company_3;standard;NA;3;3;3;4;4;3;4;4;3;3;4;3;4;3;4;2.0785692736654;3;3;NA;-999;-999;-999;-999;4;4;4;4;4;4;4;4;Rotating;7.6;0
nl;FALSE;F;35-44;Company_5;standard;2;3;1;NA;3;3;NA;3;4;3;3;2;2;2;3;3;4.04971525732028;3;3;3;-999;-999;-999;-999;4;4;4;4;4;NA;NA;4;Day;7.4;0
nl;TRUE;NA;45-54;Company_7;standard;2;NA;2;2;3;4;2;4;4;2;2;4;3;3;3;3;3.5924670607338;4;1;4;-999;-999;-999;-999;NA;4;4;4;NA;NA;4;4;Day;8.1;0
du;FALSE;M;45-54;Company_4;standard;3;3;2;3;3;4;4;4;4;2;2;4;4;4;3;3;3.54093246034806;NA;3;NA;-999;-999;-999;-999;4;NA;NA;4;NA;NA;4;4;Day;7.2;1
du;FALSE;F;>=55;Company_2;standard;NA;1;1;1;4;4;3;4;4;3;3;4;4;4;3;NA;3.90940309157665;4;3;4;-999;-999;-999;-999;NA;4;4;4;4;4;NA;NA;Day;6.4;0
nl;FALSE;M;45-54;Company_4;extended;3;3;3;3;3;3;NA;3;3;3;3;4;4;4;3;4;2.78524876990427;3;3;4;1;3;3;3;4;NA;4;4;4;NA;NA;4;Day;5.9;0
nl;FALSE;M;45-54;Company_2;standard;3;1;2;2;4;4;4;4;4;3;3;3;4;4;2;4;3.13928332892519;3;3;4;-999;-999;-999;-999;4;4;NA;4;4;4;NA;4;Rotating;8;1
nl;FALSE;F;25-34;Company_2;standard;2;3;NA;3;2;2;1;1;1;1;1;3;3;3;3;2;3.08954641930339;2;1;2;-999;-999;-999;-999;NA;NA;4;4;NA;4;4;4;Rotating;6.6;0
fr;FALSE;M;45-54;Company_2;standard;3;2;2;3;4;4;4;4;4;3;3;3;4;4;2;3;3.80275742587328;4;3;3;-999;-999;-999;-999;4;4;4;4;NA;4;4;4;Day;7.4;1
fr;TRUE;F;35-44;Company_4;extended;2;1;2;3;2;4;3;3;2;3;3;3;2;3;2;3;5.08607186353987;2;2;3;2;1;3;1;4;4;4;4;4;4;NA;4;Rotating;8.2;0
nl;TRUE;M;35-44;Company_2;standard;2;3;3;1;4;4;4;4;4;2;3;2;4;2;2;4;2.6024681405969;4;3;4;-999;-999;-999;-999;4;4;4;4;NA;4;4;4;Day;7.3;1
nl;TRUE;F;45-54;Company_7;standard;1;3;2;NA;3;3;2;4;3;3;3;4;4;3;1;2;2.08777763594502;2;3;3;-999;-999;-999;-999;NA;4;4;4;3;4;4;NA;Rotating;5.9;0
du;FALSE;M;35-44;Company_1;standard;NA;3;3;3;3;3;3;2;4;3;3;3;3;2;NA;4;3.31500972728389;3;2;4;-999;-999;-999;-999;4;4;4;4;NA;4;NA;4;Day;6.4;0
nl;TRUE;F;25-34;Company_3;standard;NA;3;3;3;3;4;4;4;4;3;3;NA;3;3;NA;4;3.20012183709012;3;3;NA;-999;-999;-999;-999;4;NA;4;4;NA;NA;4;4;Rotating;7.9;0
du;TRUE;F;35-44;Company_2;standard;2;3;3;3;4;4;4;4;4;3;2;3;2;2;3;3;4.72589224993695;3;3;3;-999;-999;-999;-999;4;4;4;NA;4;4;4;4;Day;6.6;0
nl;FALSE;M;45-54;Company_9;standard;1;3;3;3;2;2;2;3;3;3;2;4;4;NA;4;4;2.88548976182792;3;3;4;-999;-999;-999;-999;4;4;NA;NA;4;4;4;4;Day;7.5;1
fr;FALSE;M;35-44;Company_1;standard;2;3;3;3;4;4;3;4;4;3;3;3;4;4;3;4;2.3446066757785;3;3;3;-999;-999;-999;-999;4;4;4;NA;4;4;4;NA;Day;7;0
nl;FALSE;F;35-44;Company_4;extended;2;2;2;3;4;4;4;4;4;3;3;4;4;NA;3;4;4.41008112112191;3;3;3;3;3;4;4;NA;4;NA;4;4;4;4;4;Day;7.1;0
du;TRUE;F;25-34;Company_7;standard;2;1;3;2;NA;NA;4;4;4;3;3;4;4;4;2;3;3.7673788467471;NA;3;4;-999;-999;-999;-999;4;4;4;4;NA;4;NA;4;Day;7.4;0
nl;FALSE;F;25-34;Company_8;standard;2;1;3;3;4;3;3;3;4;3;NA;3;4;3;3;2;1.74713680027159;4;NA;4;-999;-999;-999;-999;4;4;4;4;4;4;4;4;Rotating;5.2;0
nl;FALSE;M;35-44;Company_3;standard;3;3;3;3;4;4;4;4;4;3;3;4;3;4;3;3;NA;4;2;4;-999;-999;-999;-999;4;4;4;4;4;4;4;4;Day;5.7;0
du;FALSE;M;45-54;Company_2;standard;3;3;3;3;3;4;4;3;3;2;3;4;3;3;4;4;2.76306126602625;2;1;4;-999;-999;-999;-999;4;NA;NA;4;4;4;4;4;Day;7.6;1
fr;FALSE;M;>=55;Company_4;standard;2;2;3;3;4;3;2;4;NA;3;3;4;4;4;4;4;3.06244834591381;1;1;4;-999;-999;-999;-999;NA;4;4;4;4;3;4;NA;Day;6.6;0
du;FALSE;F;35-44;Company_7;standard;3;2;2;3;4;4;4;NA;4;3;3;3;4;4;NA;4;3.08214301280576;4;3;4;-999;-999;-999;-999;4;4;4;4;NA;4;4;4;Day;6.2;0
fr;FALSE;M;>=55;Company_4;extended;2;1;2;1;4;4;4;3;4;2;2;3;4;3;NA;2;4.18808287478555;4;3;3;3;3;4;2;4;4;4;4;NA;4;4;4;Night;7.1;0
nl;FALSE;M;45-54;Company_2;standard;3;3;2;2;3;4;4;4;4;3;3;4;3;4;1;4;1.10985477981054;3;3;3;-999;-999;-999;-999;4;4;4;4;NA;4;4;4;Night;8.2;0
du;FALSE;F;45-54;Company_4;standard;3;2;3;3;4;NA;4;4;NA;3;3;4;3;4;3;4;2.40481824586704;4;3;4;-999;-999;-999;-999;4;4;4;4;4;4;NA;NA;Day;5.7;0
nl;FALSE;M;>=55;Company_3;standard;1;1;3;3;4;4;4;4;4;3;3;4;3;2;3;3;3.02937918370486;4;3;4;-999;-999;-999;-999;4;4;4;NA;4;4;4;NA;Day;9;0
du;FALSE;M;25-34;Company_7;standard;2;1;3;2;4;4;2;4;NA;3;3;NA;4;4;4;4;4.51837509612477;4;3;4;-999;-999;-999;-999;4;NA;4;NA;4;4;4;NA;Rotating;7.1;1
nl;FALSE;M;45-54;Company_1;standard;3;3;3;3;2;4;3;3;3;3;3;NA;4;4;2;3;3.02092124485268;3;3;4;-999;-999;-999;-999;4;NA;4;4;4;4;4;4;Day;5.5;0
du;FALSE;M;>=55;Company_1;standard;3;3;3;3;2;4;3;4;3;2;3;NA;4;4;3;4;2.50821061855868;NA;3;4;-999;-999;-999;-999;4;NA;4;4;4;4;4;4;Day;8;0
nl;FALSE;M;>=55;Company_1;standard;2;2;1;3;3;4;4;3;4;3;3;4;4;4;4;4;1.80616649881454;3;3;4;-999;-999;-999;-999;4;4;4;4;NA;4;4;4;Day;6.2;1
du;FALSE;F;45-54;Company_8;standard;3;3;3;3;3;2;3;2;3;2;3;4;4;4;4;4;3.13470864374373;3;2;4;-999;-999;-999;-999;4;NA;NA;4;4;4;NA;4;Rotating;8.4;0
du;FALSE;F;>=55;Company_5;standard;3;1;3;3;3;4;4;4;4;3;2;4;NA;4;4;4;1.9014544095119;NA;3;4;-999;-999;-999;-999;4;4;4;NA;4;4;4;4;Day;6.7;0
nl;FALSE;F;>=55;Company_4;extended;3;3;3;3;3;3;2;4;3;NA;2;4;3;4;3;NA;NA;3;2;4;3;4;4;4;NA;NA;4;4;4;4;NA;4;Day;7.5;1
du;FALSE;M;>=55;Company_5;standard;3;3;3;3;3;4;4;4;4;3;3;4;4;4;4;NA;3.95564758150239;4;3;3;-999;-999;-999;-999;NA;4;NA;NA;NA;4;NA;4;Day;5.9;0
du;FALSE;M;25-34;Company_8;standard;3;3;NA;3;4;4;4;4;4;3;3;4;4;4;4;NA;3.32925169885566;4;3;4;-999;-999;-999;-999;NA;NA;4;4;4;4;4;4;Day;7.5;0
nl;FALSE;M;35-44;Company_6;standard;3;3;1;2;3;2;3;2;3;2;2;3;3;3;4;4;1.46707152131417;1;3;2;-999;-999;-999;-999;4;4;4;4;4;4;4;4;Rotating;7.2;0
du;FALSE;M;45-54;Company_3;standard;1;3;3;3;4;4;2;4;4;2;3;4;4;4;4;4;2.6119785953267;4;2;3;-999;-999;-999;-999;4;4;4;NA;4;4;4;NA;Day;8.6;0
du;FALSE;M;>=55;Company_1;standard;2;2;NA;3;2;2;4;NA;3;3;3;3;1;4;2;4;2.13762279704584;4;3;4;-999;-999;-999;-999;4;NA;4;3;4;4;NA;4;Day;5.4;0
nl;FALSE;F;35-44;Company_6;standard;1;2;1;1;NA;4;3;4;4;3;2;4;4;4;2;4;2.77563550981969;NA;NA;4;-999;-999;-999;-999;4;NA;4;4;4;4;NA;4;Day;6.6;0
nl;TRUE;M;35-44;Company_8;standard;1;1;1;2;4;4;4;NA;4;2;NA;4;4;4;4;4;3.46584248845387;4;3;4;-999;-999;-999;-999;4;4;4;4;4;NA;4;NA;Night;9;1
nl;TRUE;NA;35-44;Company_1;standard;3;2;1;3;4;4;4;4;4;1;3;3;4;3;3;4;3.91446733006678;NA;NA;4;-999;-999;-999;-999;4;4;NA;4;NA;4;4;4;Day;5.2;0
nl;TRUE;F;35-44;Company_6;standard;3;2;2;3;3;4;NA;3;3;3;3;3;4;2;3;3;3.77991753713722;3;3;4;-999;-999;-999;-999;4;4;NA;4;4;NA;NA;4;Night;5.7;0
du;FALSE;F;25-34;Company_2;standard;3;3;3;3;4;4;4;4;4;1;1;4;4;4;3;2;3.22348872143296;4;3;2;-999;-999;-999;-999;NA;4;4;4;4;NA;4;4;Rotating;6.5;0
du;TRUE;M;45-54;Company_2;standard;1;2;NA;2;4;4;3;4;4;3;3;3;3;3;3;3;4.87735626891112;NA;3;4;-999;-999;-999;-999;4;NA;4;4;4;4;4;4;Day;4.3;0
nl;FALSE;M;45-54;Company_5;standard;2;3;3;3;4;NA;3;4;3;3;3;4;NA;3;3;3;2.83690087977814;NA;3;NA;-999;-999;-999;-999;4;4;4;NA;4;4;4;4;Day;8.1;0
nl;FALSE;M;45-54;Company_2;standard;2;3;3;3;3;3;4;4;4;3;3;4;3;4;2;4;2.88187579079432;4;3;4;-999;-999;-999;-999;4;4;4;NA;4;4;4;4;Day;8.4;0
fr;FALSE;F;NA;Company_3;standard;1;2;1;NA;3;3;3;4;4;1;1;2;3;4;3;2;2.07636116034783;3;1;3;-999;-999;-999;-999;4;4;NA;4;4;4;4;4;Day;5.1;1
du;FALSE;F;45-54;Company_4;extended;3;3;3;NA;4;4;3;4;NA;2;3;4;4;4;3;4;3.52234011449253;4;3;4;3;3;2;4;4;4;4;4;4;4;4;NA;Day;6.8;0
du;FALSE;M;35-44;Company_7;standard;3;2;1;2;3;3;2;3;4;3;3;4;4;4;4;4;2.7858442821481;3;3;3;-999;-999;-999;-999;4;4;4;4;4;NA;4;4;Day;6.1;0
fr;FALSE;F;>=55;Company_9;standard;3;3;3;3;4;3;3;4;3;3;2;3;4;3;3;2;2.75881289400101;3;2;3;-999;-999;-999;-999;4;4;4;NA;NA;4;4;4;Day;7.9;1
du;FALSE;M;>=55;Company_1;standard;3;3;3;3;3;3;3;4;2;3;3;4;4;NA;4;4;2.62410474660898;2;3;4;-999;-999;-999;-999;4;NA;NA;4;4;4;4;4;Day;8.1;0
du;FALSE;F;>=55;Company_10;standard;3;3;3;3;4;3;3;4;4;NA;NA;4;4;4;4;4;2.55280285628953;2;3;4;-999;-999;-999;-999;4;4;NA;4;4;4;4;4;Day;7.8;1
nl;FALSE;F;>=55;Company_9;standard;3;3;3;3;4;4;NA;4;4;1;1;4;3;3;3;3;2.63284470354538;4;1;4;-999;-999;-999;-999;4;NA;4;4;4;NA;4;4;Rotating;8.7;1
nl;FALSE;M;35-44;Company_7;standard;3;1;1;2;4;4;4;4;4;3;3;4;4;4;4;4;2.87095768127581;3;3;4;-999;-999;-999;-999;NA;4;4;4;4;4;4;4;Rotating;8.4;0
du;TRUE;F;35-44;Company_8;standard;1;NA;2;1;4;4;4;4;4;3;3;4;3;3;3;3;2.79897547357821;4;3;2;-999;-999;-999;-999;4;4;4;NA;NA;4;4;4;Day;8.2;0
du;FALSE;M;45-54;Company_3;standard;3;3;3;3;4;4;4;NA;4;3;3;3;3;4;2;2;2.81936325499008;2;2;3;-999;-999;-999;-999;4;4;4;4;4;4;4;4;Rotating;6.3;0
du;FALSE;M;35-44;Company_7;standard;3;2;3;3;2;2;1;1;2;3;3;3;4;3;3;4;NA;3;2;4;-999;-999;-999;-999;4;4;4;4;4;3;4;4;Day;8.2;0
fr;FALSE;M;35-44;Company_2;standard;2;2;2;2;4;4;3;4;4;NA;3;3;4;3;3;4;3.54259517177107;NA;2;NA;-999;-999;-999;-999;4;4;4;4;NA;4;4;4;Rotating;7.4;0
nl;FALSE;F;45-54;Company_9;standard;3;3;1;3;4;4;4;NA;4;3;3;4;4;3;NA;4;3.27905833703974;4;2;4;-999;-999;-999;-999;4;4;4;4;NA;4;4;4;Day;9.6;0
du;TRUE;F;45-54;Company_4;standard;2;2;2;NA;3;3;2;4;4;1;2;2;3;3;3;3;2.5338226034964;4;1;2;-999;-999;-999;-999;4;4;NA;4;4;4;4;4;Rotating;9.1;0
nl;FALSE;M;25-34;Company_6;standard;3;1;2;3;3;4;NA;4;4;3;3;2;3;3;4;4;3.50378854205862;4;3;4;-999;-999;-999;-999;4;4;4;4;4;NA;4;4;Night;5;0
nl;FALSE;F;>=55;Company_8;standard;2;3;3;3;4;4;4;3;3;3;2;4;4;4;4;4;3.52301006077594;3;2;4;-999;-999;-999;-999;NA;4;4;4;4;NA;NA;4;Day;5.4;1
du;FALSE;F;45-54;Company_7;standard;2;3;NA;3;2;2;2;4;4;2;3;4;NA;4;4;4;3.12382470780563;2;3;4;-999;-999;-999;-999;4;4;4;NA;NA;4;4;4;Rotating;5.2;0
fr;FALSE;M;35-44;Company_8;standard;1;NA;3;3;3;3;4;3;4;2;3;4;4;4;3;4;3.97206540785372;3;2;NA;-999;-999;-999;-999;4;4;4;4;4;4;4;4;Day;6.8;0
nl;FALSE;F;35-44;Company_4;extended;3;2;2;2;3;4;3;4;4;3;3;4;4;4;4;4;4.38767351280886;4;3;4;1;3;3;4;4;4;4;NA;4;4;NA;NA;Day;5.6;0
nl;FALSE;F;35-44;Company_8;standard;NA;NA;1;2;2;2;NA;4;4;NA;2;3;4;4;4;4;2.9638833329521;NA;2;3;-999;-999;-999;-999;4;4;NA;4;4;NA;4;4;Rotating;7.4;0
nl;FALSE;M;45-54;Company_2;standard;3;3;3;3;3;4;3;3;4;3;2;4;4;NA;4;4;3.00646598481562;NA;3;4;-999;-999;-999;-999;NA;4;NA;4;4;4;4;4;Night;6.2;0
en;FALSE;F;45-54;Company_3;standard;2;2;NA;3;3;NA;2;3;3;1;1;3;4;3;4;3;2.09093837855103;4;3;4;-999;-999;-999;-999;NA;4;4;4;4;NA;NA;NA;Night;8;0
fr;FALSE;F;35-44;Company_4;extended;3;3;3;3;2;4;3;3;4;3;3;3;4;4;3;4;3.67632962484516;2;3;4;4;4;1;4;4;4;4;4;4;4;4;4;Day;7.4;1
du;FALSE;M;35-44;Company_8;standard;2;2;2;3;3;3;3;4;3;3;3;4;NA;4;4;4;3.90373697733199;3;2;4;-999;-999;-999;-999;NA;4;4;NA;4;4;4;4;Day;6;1
du;FALSE;M;35-44;Company_4;extended;3;3;3;3;4;3;3;4;4;3;3;4;4;3;4;4;2.58079875894058;3;3;4;4;2;3;4;4;4;4;NA;4;NA;4;4;Day;6;0
nl;FALSE;M;45-54;Company_10;standard;NA;3;2;3;NA;4;2;4;4;2;2;4;NA;4;3;4;2.26040304338356;4;3;4;-999;-999;-999;-999;NA;4;4;NA;4;4;NA;4;Day;6.7;0
du;FALSE;F;45-54;Company_6;standard;1;3;NA;3;3;4;4;3;3;2;2;4;4;4;4;4;3.95941294258815;4;2;4;-999;-999;-999;-999;4;4;4;4;NA;4;4;4;Day;8.7;1
du;FALSE;F;35-44;Company_10;standard;3;3;3;3;2;3;2;2;3;3;3;4;4;3;NA;4;4.29253829500033;2;3;4;-999;-999;-999;-999;4;4;4;4;NA;4;4;4;Day;7;0
du;FALSE;F;45-54;Company_4;standard;3;3;3;3;3;3;3;4;4;2;3;1;3;2;2;1;3.11042865164113;3;2;2;-999;-999;-999;-999;NA;3;4;4;4;4;4;4;Day;5.7;0
nl;FALSE;M;>=55;Company_4;extended;3;3;3;3;2;3;3;3;4;3;3;4;3;3;4;2;3.59371934118411;3;3;NA;2;2;2;4;4;4;4;NA;4;NA;4;4;Day;5.7;0
nl;FALSE;F;35-44;Company_6;standard;3;3;2;3;4;4;2;4;4;3;3;4;3;3;3;4;4.61423182550701;3;3;4;-999;-999;-999;-999;4;4;4;NA;4;4;4;4;Day;8.5;0
nl;TRUE;M;25-34;Company_1;standard;3;3;2;3;1;2;3;2;2;3;3;4;4;4;4;4;1.73300988253157;3;2;4;-999;-999;-999;-999;4;4;4;4;4;4;4;NA;Day;6.3;0
fr;TRUE;M;35-44;Company_3;standard;2;3;1;3;4;4;4;4;4;3;3;3;2;4;3;4;1.48725089130945;4;3;4;-999;-999;-999;-999;NA;4;4;NA;NA;NA;4;4;Day;7.8;0
nl;TRUE;M;>=55;Company_2;standard;3;3;2;3;3;2;4;4;4;2;2;3;4;NA;2;3;NA;3;1;3;-999;-999;-999;-999;NA;4;NA;4;4;NA;4;4;Rotating;6.6;0
nl;FALSE;F;35-44;Company_2;standard;2;3;3;3;4;4;1;4;4;3;3;4;4;3;4;4;3.72230810821899;4;3;4;-999;-999;-999;-999;4;4;4;4;4;3;4;4;Rotating;6.5;1
nl;FALSE;M;45-54;Company_7;standard;1;2;1;2;3;4;1;3;3;3;3;3;3;4;3;4;3.51009123050184;NA;3;4;-999;-999;-999;-999;4;4;4;4;4;2;4;4;Day;7.9;1
fr;FALSE;M;35-44;Company_4;extended;2;3;2;1;3;4;4;3;4;2;2;4;3;4;3;4;2.69887373973388;3;3;4;2;3;3;3;4;4;4;4;4;4;4;4;Day;8.2;0
nl;FALSE;F;45-54;Company_9;standard;2;2;2;3;3;4;4;3;4;3;3;4;4;NA;3;3;NA;4;3;4;-999;-999;-999;-999;4;4;NA;4;4;NA;4;4;Day;8.2;0
du;FALSE;F;45-54;Company_3;standard;1;1;2;3;3;4;3;3;3;3;3;3;3;4;3;3;3.24536728808528;NA;3;3;-999;-999;-999;-999;NA;4;4;4;4;4;4;4;Day;8.7;0
fr;TRUE;M;35-44;Company_7;standard;2;2;3;3;4;4;4;4;4;3;3;3;3;4;3;4;3.16854238946011;4;3;3;-999;-999;-999;-999;4;3;4;4;4;4;4;4;Day;7.4;0
nl;TRUE;M;45-54;Company_2;standard;3;3;3;3;NA;4;2;3;3;2;1;2;4;4;3;3;2.12883233961921;NA;2;4;-999;-999;-999;-999;4;4;NA;4;NA;4;NA;NA;Night;7.1;0
fr;TRUE;M;45-54;Company_7;standard;1;2;NA;3;4;4;4;4;4;1;3;2;3;1;2;NA;3.85901007051925;4;2;3;-999;-999;-999;-999;NA;4;4;4;4;NA;4;4;Night;4.4;0
nl;FALSE;M;25-34;Company_9;standard;3;3;3;3;4;4;4;4;4;3;3;3;3;4;3;3;3.54433672874138;3;3;4;-999;-999;-999;-999;4;4;4;4;4;4;4;4;Rotating;5.9;1
nl;FALSE;F;45-54;Company_1;standard;3;3;3;3;4;3;2;4;4;3;3;NA;3;3;4;NA;3.85586003816274;3;3;4;-999;-999;-999;-999;NA;NA;NA;4;4;3;4;4;Day;6.7;0
en;FALSE;F;35-44;Company_6;standard;2;3;3;3;3;2;4;4;4;3;NA;4;4;4;4;4;2.93676018843388;2;3;4;-999;-999;-999;-999;4;NA;4;4;NA;4;4;NA;Day;7.6;0
du;TRUE;M;25-34;Company_8;standard;3;3;3;3;3;3;3;3;3;3;3;4;4;NA;4;4;3.45805162361944;3;3;NA;-999;-999;-999;-999;4;4;NA;4;NA;NA;NA;4;Day;8.9;0
fr;FALSE;M;45-54;Company_5;standard;3;3;3;3;3;4;4;NA;4;NA;3;3;4;3;3;3;4.6987837198501;4;3;4;-999;-999;-999;-999;NA;4;4;4;4;4;4;4;Night;5.4;0
du;TRUE;M;>=55;Company_1;standard;3;3;3;3;3;1;3;3;4;3;3;2;4;4;3;4;3.29233826584428;3;3;4;-999;-999;-999;-999;4;4;4;4;NA;4;4;4;Rotating;7.8;0
du;FALSE;M;45-54;Company_9;standard;1;1;1;NA;4;3;3;4;4;3;3;3;NA;4;3;4;3.29156637029646;3;3;3;-999;-999;-999;-999;4;4;4;NA;4;NA;4;4;Rotating;7.3;0
nl;FALSE;F;45-54;Company_10;standard;3;3;3;2;2;4;3;4;4;3;3;4;3;4;3;4;4.10991621143868;4;3;4;-999;-999;-999;-999;NA;4;4;4;4;4;4;4;Day;7.2;0
nl;FALSE;F;35-44;Company_9;standard;1;1;1;2;3;3;2;NA;3;3;2;4;3;3;2;4;NA;1;3;4;-999;-999;-999;-999;4;NA;4;4;4;4;4;4;Day;6.4;0
nl;FALSE;M;35-44;Company_1;standard;3;3;3;3;4;4;3;4;4;3;3;4;4;4;4;4;4.83592542558061;3;3;3;-999;-999;-999;-999;4;4;NA;4;4;NA;4;4;Night;6.9;0
du;TRUE;M;>=55;Company_1;standard;2;2;2;3;3;3;1;3;3;3;3;3;4;2;3;4;NA;4;3;3;-999;-999;-999;-999;4;4;4;4;4;4;4;4;Day;7.6;0
nl;FALSE;M;25-34;Company_1;standard;3;3;3;3;4;4;4;4;4;3;1;3;3;3;4;3;2.75258973585272;NA;2;3;-999;-999;-999;-999;NA;4;4;4;4;4;4;4;Day;6.5;0
du;FALSE;F;35-44;Company_7;standard;3;3;3;3;4;4;4;4;4;2;3;4;4;4;2;3;2.81055998728175;3;3;3;-999;-999;-999;-999;3;4;4;4;4;4;4;4;Day;8.1;0
fr;FALSE;M;25-34;Company_1;standard;NA;3;3;3;3;4;4;3;4;3;3;3;4;4;4;4;4.16780879767835;4;3;4;-999;-999;-999;-999;NA;4;4;4;4;4;4;4;Day;8.1;1
nl;TRUE;M;>=55;Company_7;standard;3;3;NA;3;3;3;2;4;4;3;3;3;3;3;3;2;2.47753397673042;4;3;2;-999;-999;-999;-999;4;4;4;4;4;4;4;4;Night;8.2;0
nl;FALSE;M;>=55;Company_4;extended;1;2;2;1;4;4;4;4;4;1;3;4;4;4;4;4;4.18639352059365;4;3;4;4;4;3;4;4;4;4;4;4;4;4;4;Day;7.7;0
nl;FALSE;M;35-44;Company_1;standard;3;1;2;2;4;4;3;3;4;3;2;2;4;4;4;3;4.10930215157996;4;2;2;-999;-999;-999;-999;4;4;4;4;4;4;4;4;Day;7.3;0
nl;FALSE;M;45-54;Company_5;standard;3;1;1;NA;4;4;4;4;4;NA;3;4;4;4;3;3;3.20211802030532;3;3;4;-999;-999;-999;-999;4;4;4;4;4;4;4;4;Day;6.4;0
fr;FALSE;F;45-54;Company_7;standard;NA;3;3;3;3;3;4;3;NA;2;3;4;4;3;3;3;3.79871138023294;3;2;3;-999;-999;-999;-999;NA;4;4;NA;4;4;NA;NA;Day;7.5;0
nl;FALSE;M;45-54;Company_8;standard;3;3;3;3;3;4;2;3;3;3;3;3;3;4;4;4;3.86832623064193;2;2;4;-999;-999;-999;-999;4;NA;4;4;NA;4;4;4;Day;7.9;1
nl;FALSE;M;35-44;Company_9;standard;NA;1;2;2;4;4;2;4;4;3;2;3;2;2;3;4;3.53508924710464;3;3;3;-999;-999;-999;-999;4;4;4;NA;4;3;4;4;Day;6.4;0
nl;TRUE;F;35-44;Company_8;standard;3;3;2;3;2;4;3;3;4;NA;3;4;NA;4;4;4;3.71516613257314;3;2;4;-999;-999;-999;-999;4;4;4;NA;NA;NA;4;4;Day;5.5;0
nl;FALSE;F;45-54;Company_8;standard;3;2;2;2;4;4;4;4;4;3;NA;4;4;4;NA;4;4.10864538476422;3;3;4;-999;-999;-999;-999;NA;NA;4;4;NA;4;4;4;Day;9.2;0
nl;FALSE;F;>=55;Company_6;standard;2;3;1;3;2;4;3;4;3;1;1;3;4;4;NA;4;3.45125214085732;4;2;3;-999;-999;-999;-999;4;4;4;4;NA;4;4;4;Day;5.4;0
en;FALSE;M;35-44;Company_7;standard;3;3;3;3;3;4;4;3;3;2;1;4;4;4;3;4;2.93452277471461;2;2;4;-999;-999;-999;-999;4;NA;4;NA;4;NA;4;4;Rotating;7.8;1
nl;TRUE;M;35-44;Company_2;standard;3;3;1;3;3;4;4;4;3;3;2;4;3;3;3;3;NA;NA;2;2;-999;-999;-999;-999;4;4;4;NA;4;4;4;4;Day;8.8;0
du;FALSE;F;45-54;Company_8;standard;3;3;3;3;4;4;4;4;4;3;3;3;4;4;3;3;4.15987417262826;4;2;4;-999;-999;-999;-999;4;4;4;4;4;NA;4;4;Day;8.9;0
nl;FALSE;F;>=55;Company_10;standard;3;3;1;3;4;4;4;4;4;3;3;4;4;4;2;4;2.61496520897544;4;3;4;-999;-999;-999;-999;4;4;4;4;4;4;4;4;Day;6;1
nl;TRUE;F;35-44;Company_2;standard;3;3;1;3;3;4;4;4;4;3;3;NA;4;3;3;4;3.88591539341242;4;3;3;-999;-999;-999;-999;4;NA;4;4;4;4;4;4;Day;6.5;1
nl;FALSE;M;25-34;Company_1;standard;3;3;2;3;3;4;3;2;3;2;1;2;4;4;2;3;4.92999398708236;2;2;3;-999;-999;-999;-999;4;4;4;4;NA;NA;NA;NA;Day;5.8;0
du;FALSE;F;25-34;Company_7;standard;3;3;3;3;4;4;4;4;4;NA;2;4;4;4;4;4;3.92871416210085;4;3;4;-999;-999;-999;-999;4;NA;NA;4;4;4;4;NA;Night;7.1;0
du;FALSE;F;<25;Company_5;standard;3;2;2;2;4;4;4;NA;4;2;3;4;4;3;NA;4;NA;NA;3;4;-999;-999;-999;-999;NA;4;4;4;NA;4;NA;4;Day;6.2;0
nl;FALSE;M;45-54;Company_7;standard;2;2;2;1;3;3;4;NA;4;3;2;3;4;4;2;4;4.05317674371107;4;2;3;-999;-999;-999;-999;4;4;4;4;4;4;4;4;Day;5;0
fr;FALSE;F;25-34;Company_7;standard;2;3;3;2;4;4;4;4;4;1;1;3;4;4;2;1;NA;NA;1;1;-999;-999;-999;-999;4;4;4;4;4;4;4;4;Day;7.4;1
fr;FALSE;M;45-54;Company_3;standard;3;3;2;3;4;4;4;4;4;3;NA;3;3;3;3;4;2.08503491439914;NA;3;3;-999;-999;-999;-999;4;NA;4;4;4;4;4;4;Day;6.7;0
nl;FALSE;F;45-54;Company_7;standard;3;3;3;3;4;4;4;4;4;3;NA;NA;3;4;3;4;2.50448551643283;3;3;4;-999;-999;-999;-999;NA;NA;4;4;4;4;4;4;Rotating;7;0
du;FALSE;M;>=55;Company_8;standard;3;3;3;3;2;3;3;3;4;3;3;NA;3;4;4;4;3.66163059818386;2;3;4;-999;-999;-999;-999;4;NA;4;4;4;4;4;4;Day;6.4;0
fr;FALSE;M;25-34;Company_4;standard;3;3;3;3;2;NA;3;4;3;3;3;4;4;4;3;2;3.61675446736098;2;3;3;-999;-999;-999;-999;4;4;4;NA;4;4;4;4;Day;7.2;1
nl;FALSE;F;<25;Company_2;standard;2;3;3;3;4;4;3;3;4;3;3;4;4;4;3;2;2.91899417584465;4;3;NA;-999;-999;-999;-999;4;4;4;NA;4;4;4;4;Day;7.2;0
nl;TRUE;F;>=55;Company_7;standard;2;NA;3;3;4;NA;4;4;4;3;3;3;4;4;4;3;3.35950331148986;4;3;3;-999;-999;-999;-999;4;4;4;4;4;4;4;NA;Day;6.4;0
nl;FALSE;M;>=55;Company_5;standard;3;3;3;2;3;4;3;3;4;3;2;NA;NA;2;1;2;3.34724699238286;2;1;2;-999;-999;-999;-999;4;NA;3;NA;3;NA;4;NA;Rotating;6.9;0
nl;FALSE;NA;45-54;Company_1;standard;1;3;NA;2;3;4;4;3;4;2;2;3;3;NA;2;3;3.73899347495854;4;NA;2;-999;-999;-999;-999;4;4;NA;4;4;NA;4;4;Rotating;7.6;0
du;TRUE;M;45-54;Company_9;standard;1;3;3;3;2;3;3;3;3;3;3;4;4;4;4;4;4.05761014937854;NA;3;4;-999;-999;-999;-999;4;4;4;4;4;4;4;4;Day;7.6;0
nl;FALSE;M;>=55;Company_1;standard;2;3;3;3;3;4;1;4;4;3;3;3;4;4;2;4;2.87611709949782;2;3;4;-999;-999;-999;-999;4;NA;4;4;4;4;4;4;Day;6.7;0
du;TRUE;M;>=55;Company_1;standard;3;3;3;3;3;4;4;4;4;3;3;4;NA;4;4;4;NA;4;3;4;-999;-999;-999;-999;4;NA;NA;NA;4;4;4;4;Day;7.8;1
du;FALSE;M;45-54;Company_5;standard;2;2;2;3;NA;4;4;4;4;3;2;3;2;3;3;3;3.64598248583163;4;1;4;-999;-999;-999;-999;4;NA;4;4;4;4;NA;NA;Day;7.2;0
nl;TRUE;F;35-44;Company_5;standard;3;3;3;3;4;4;4;4;4;NA;3;3;4;2;2;3;3.71424087039556;3;NA;2;-999;-999;-999;-999;4;4;4;4;4;4;4;4;Day;6.2;0
du;FALSE;M;35-44;Company_5;standard;1;3;3;3;4;4;4;4;4;3;3;4;4;4;4;4;4.43627610002478;4;3;4;-999;-999;-999;-999;4;4;4;NA;4;4;4;NA;Day;7.3;0
nl;FALSE;M;45-54;Company_10;standard;3;2;2;3;3;4;4;4;4;3;3;3;2;4;1;2;2.32844436287989;3;3;3;-999;-999;-999;-999;4;NA;4;NA;4;4;NA;4;Day;5.8;0
du;TRUE;M;25-34;Company_8;standard;3;2;2;3;2;3;3;3;2;3;3;4;4;4;4;4;2.21203239748204;3;3;4;-999;-999;-999;-999;4;NA;4;4;4;NA;4;4;Day;7.7;0
nl;FALSE;M;45-54;Company_10;standard;3;3;3;3;4;4;4;4;4;2;3;3;3;4;3;4;2.92094166096813;4;2;4;-999;-999;-999;-999;NA;4;4;4;4;4;NA;4;Rotating;7.5;0
du;FALSE;M;35-44;Company_4;standard;2;3;3;NA;3;4;4;4;4;3;3;3;4;4;2;3;3.1180336577388;3;3;4;-999;-999;-999;-999;4;4;4;4;4;4;4;4;Day;4.6;1
nl;FALSE;F;>=55;Company_4;extended;3;3;3;3;4;4;3;4;NA;NA;3;2;3;3;2;3;2.35801441959071;NA;3;4;3;3;3;4;4;4;4;4;NA;NA;NA;NA;Day;6.5;0
nl;FALSE;M;35-44;Company_9;standard;3;3;3;3;4;4;4;4;NA;2;3;3;2;4;3;3;3.55763193895847;4;3;4;-999;-999;-999;-999;4;4;NA;4;4;4;4;NA;Day;7.2;0
du;TRUE;M;25-34;Company_5;standard;3;1;3;3;3;4;4;4;4;3;2;4;3;2;3;2;2.61964912437539;3;3;4;-999;-999;-999;-999;4;4;4;NA;4;4;4;4;Day;7.3;1
du;FALSE;F;45-54;Company_9;standard;3;2;2;NA;3;3;4;4;NA;3;3;4;NA;4;4;NA;2.21505000698337;4;3;4;-999;-999;-999;-999;NA;4;4;NA;4;4;4;NA;Night;4.8;0
du;FALSE;M;45-54;Company_2;standard;3;3;2;3;3;4;2;3;3;1;2;4;2;3;4;4;3.81087986570062;4;1;4;-999;-999;-999;-999;4;4;4;4;4;4;4;NA;Day;7.8;0
nl;TRUE;M;35-44;Company_9;standard;1;NA;1;1;NA;4;4;4;3;3;3;3;2;3;3;4;3.15240001340443;3;3;4;-999;-999;-999;-999;4;4;4;NA;4;4;NA;4;Rotating;6.7;0
du;FALSE;M;>=55;Company_3;standard;3;3;3;3;4;4;4;4;4;3;2;4;4;4;3;4;3.31022957383368;4;1;4;-999;-999;-999;-999;NA;4;4;NA;4;NA;4;4;Day;7.4;0
nl;TRUE;M;>=55;Company_4;standard;2;3;3;2;4;4;3;4;4;3;3;NA;4;3;4;3;4.38350600240585;4;3;3;-999;-999;-999;-999;4;NA;4;4;4;4;4;4;Day;8.4;0
nl;FALSE;F;35-44;Company_9;standard;3;NA;2;3;4;4;2;4;4;3;3;4;4;4;3;3;3.30262864219535;4;1;4;-999;-999;-999;-999;4;4;4;4;4;3;4;4;Day;8.2;0
du;FALSE;M;25-34;Company_6;standard;2;1;2;1;3;4;4;4;4;3;3;4;3;4;3;4;3.98362801472743;NA;3;4;-999;-999;-999;-999;4;NA;4;3;4;4;4;4;Day;6.9;0
nl;TRUE;M;45-54;Company_10;standard;3;3;3;3;3;4;3;2;3;3;3;4;4;4;2;4;3.33839406745024;4;3;4;-999;-999;-999;-999;4;NA;4;4;4;4;4;NA;Day;7.2;0
du;FALSE;F;35-44;Company_7;standard;2;3;3;3;2;3;3;3;3;2;1;3;4;4;NA;2;3.68201761509091;4;2;3;-999;-999;-999;-999;4;4;4;4;NA;4;4;4;Day;7.7;0
nl;FALSE;F;45-54;Company_9;standard;1;1;1;2;4;4;4;3;4;2;1;4;4;4;3;NA;2.65848894836588;3;2;4;-999;-999;-999;-999;NA;4;NA;4;4;4;4;4;Day;7.2;0
nl;FALSE;M;25-34;Company_6;standard;NA;NA;1;1;4;4;4;4;4;3;3;4;3;3;3;3;2.25932115746468;4;3;4;-999;-999;-999;-999;NA;4;4;4;4;4;4;NA;Rotating;6.2;0
nl;FALSE;M;25-34;Company_5;standard;1;3;1;2;NA;4;3;3;3;3;3;3;4;4;3;4;3.04103685356199;3;3;4;-999;-999;-999;-999;4;4;4;NA;4;4;NA;4;Rotating;6.7;0
nl;FALSE;M;35-44;Company_6;standard;3;2;1;2;4;4;3;4;4;NA;2;3;4;4;4;4;2.70810918335608;4;1;4;-999;-999;-999;-999;4;4;4;4;4;4;4;4;Day;7.8;0
du;FALSE;M;35-44;Company_4;extended;2;1;1;3;NA;NA;4;4;4;3;NA;4;4;3;4;3;NA;3;3;4;4;3;1;2;4;4;4;4;4;4;NA;4;Day;6.7;0
fr;TRUE;F;35-44;Company_2;standard;1;2;1;1;3;3;1;4;4;3;3;4;2;4;3;4;3.06107203125627;3;2;NA;-999;-999;-999;-999;NA;4;4;4;4;4;4;4;Day;7;0
nl;FALSE;F;<25;Company_3;standard;3;3;2;1;4;4;3;4;4;3;3;4;4;4;NA;4;3.69812016761281;4;3;NA;-999;-999;-999;-999;4;4;NA;NA;NA;NA;4;NA;Day;6.3;0
nl;FALSE;M;25-34;Company_4;standard;2;1;3;3;4;4;4;4;4;2;2;4;3;3;3;4;3.67186884877278;4;2;4;-999;-999;-999;-999;4;4;NA;4;4;4;4;4;Day;6.9;0
du;FALSE;M;35-44;Company_3;standard;NA;2;2;3;4;NA;4;4;4;3;3;3;4;4;4;4;3.62575449020066;4;3;4;-999;-999;-999;-999;4;4;4;4;4;4;NA;4;Day;7.7;0
nl;FALSE;F;35-44;Company_4;extended;1;1;1;1;3;4;1;4;4;3;3;4;4;4;4;3;3.97051834492343;4;3;4;2;4;2;4;4;NA;4;4;4;4;4;4;Rotating;6.1;0
nl;FALSE;M;35-44;Company_8;standard;3;3;2;3;3;NA;4;3;1;1;1;4;4;4;4;4;0.765158861296331;2;1;4;-999;-999;-999;-999;4;4;4;4;4;4;4;4;Day;8.9;0
du;FALSE;F;45-54;Company_6;standard;1;3;3;NA;NA;4;4;4;4;3;3;4;4;4;4;4;4.19573115592034;3;3;4;-999;-999;-999;-999;4;4;4;4;4;4;NA;4;Day;8.2;0
fr;FALSE;F;25-34;Company_8;standard;2;2;NA;NA;4;4;4;4;4;2;2;4;4;4;4;4;3.40097746013268;4;2;4;-999;-999;-999;-999;4;4;4;NA;NA;4;NA;4;Day;7.1;0
nl;FALSE;M;45-54;Company_2;standard;3;1;2;3;2;2;3;3;3;2;2;3;3;3;3;3;4.2211560234341;2;1;3;-999;-999;-999;-999;NA;4;4;4;4;4;NA;4;Day;7.4;0
du;FALSE;M;35-44;Company_4;extended;2;3;3;3;4;4;4;4;4;3;3;4;4;4;3;4;3.53829949638952;4;3;4;4;2;4;4;4;4;4;NA;NA;4;4;4;Day;6.7;0
du;TRUE;M;>=55;Company_9;standard;1;3;3;3;3;3;3;3;3;1;2;4;2;3;3;4;4.50706880933957;3;2;4;-999;-999;-999;-999;4;NA;4;4;4;4;4;NA;Day;9.1;0
du;TRUE;F;45-54;Company_10;standard;2;NA;2;3;4;3;2;4;4;3;3;3;3;3;2;4;NA;3;3;3;-999;-999;-999;-999;4;4;NA;4;NA;4;4;NA;Day;7;0
du;TRUE;F;>=55;Company_9;standard;1;2;1;3;3;4;4;4;4;3;3;4;4;4;4;4;3.52378061914446;4;3;4;-999;-999;-999;-999;4;4;4;4;4;4;4;4;Day;8.1;0
nl;TRUE;M;35-44;Company_4;standard;1;1;2;2;3;4;2;3;3;1;3;4;4;4;4;4;1.22442902608667;3;2;3;-999;-999;-999;-999;4;NA;4;NA;NA;4;4;4;Day;7.7;0
du;FALSE;M;45-54;Company_5;standard;3;3;3;3;3;4;3;4;4;3;3;3;4;4;1;4;2.44634112143462;4;3;NA;-999;-999;-999;-999;4;4;4;4;NA;4;4;4;Rotating;7.9;0
nl;FALSE;M;35-44;Company_7;standard;1;1;NA;3;3;4;2;4;4;3;3;3;4;NA;3;4;3.29091465468806;NA;3;3;-999;-999;-999;-999;NA;4;NA;4;4;4;4;4;Day;4.4;0
du;FALSE;F;45-54;Company_10;standard;3;3;3;3;3;2;3;2;2;3;3;2;2;3;1;2;2.88622882534591;3;3;1;-999;-999;-999;-999;4;4;NA;4;4;4;4;4;Day;5.7;0
nl;FALSE;F;35-44;Company_5;standard;3;2;3;3;3;4;3;4;4;2;2;4;3;4;4;4;2.31100499347347;3;NA;NA;-999;-999;-999;-999;NA;NA;4;4;NA;4;NA;4;Night;7.3;0
en;FALSE;F;45-54;Company_2;standard;3;3;3;3;4;4;4;4;4;2;1;4;2;4;3;2;2.5084057357385;NA;2;3;-999;-999;-999;-999;4;4;4;3;4;4;4;4;Day;8.1;0
du;FALSE;M;45-54;Company_2;standard;3;2;3;2;3;4;4;4;4;3;3;3;3;3;3;3;3.02956920771601;4;3;3;-999;-999;-999;-999;4;4;4;4;4;4;NA;4;Rotating;4.5;0
nl;TRUE;M;35-44;Company_5;standard;3;NA;3;3;4;4;4;2;4;2;NA;4;3;1;1;1;2.4702854158821;4;1;3;-999;-999;-999;-999;4;4;4;4;4;4;4;4;Day;7.8;0
du;FALSE;M;NA;Company_9;standard;2;1;1;2;4;4;4;4;4;1;1;4;4;4;4;NA;3.67337387429652;4;1;3;-999;-999;-999;-999;NA;4;4;NA;4;4;4;4;Day;7.4;1
nl;TRUE;F;>=55;Company_2;standard;2;1;1;2;4;4;3;NA;4;3;3;4;4;3;4;4;2.54612037383015;NA;3;4;-999;-999;-999;-999;4;4;4;4;4;4;NA;4;Day;6.1;0
nl;FALSE;M;35-44;Company_2;standard;3;3;2;3;3;3;2;4;3;3;3;4;4;4;2;4;3.27267689644664;3;3;4;-999;-999;-999;-999;4;4;4;NA;4;4;4;4;Rotating;4.6;0
nl;FALSE;F;>=55;Company_10;standard;3;3;3;3;1;2;2;3;2;3;3;4;4;4;3;3;4.56098453226414;1;3;4;-999;-999;-999;-999;4;4;4;4;4;4;4;4;Day;8.7;0
nl;FALSE;M;35-44;Company_2;standard;3;1;2;2;2;3;3;4;3;3;3;3;3;4;3;4;3.64826177023089;3;3;3;-999;-999;-999;-999;NA;4;4;4;4;NA;4;4;Rotating;5.8;1
nl;TRUE;M;35-44;Company_9;standard;2;2;1;2;3;4;2;4;4;3;3;4;3;3;3;NA;3.91968991122532;4;3;3;-999;-999;-999;-999;NA;NA;4;NA;4;4;4;4;Day;6.9;0
nl;TRUE;F;35-44;Company_2;standard;3;3;1;3;4;4;4;4;4;3;2;4;4;4;4;4;3.44704285120359;3;3;4;-999;-999;-999;-999;4;4;4;4;4;4;4;4;Day;8.6;0
du;TRUE;M;25-34;Company_9;standard;3;3;3;3;2;4;4;4;4;3;3;4;4;4;4;4;3.4415674490946;4;3;4;-999;-999;-999;-999;4;4;4;4;4;NA;4;4;Day;7.8;0
du;FALSE;M;35-44;Company_9;standard;NA;3;3;3;4;3;2;4;4;1;1;4;4;3;3;NA;2.35418289819472;3;1;4;-999;-999;-999;-999;NA;4;4;4;NA;4;4;4;Day;8;1
nl;FALSE;M;25-34;Company_4;extended;3;3;2;3;4;3;4;3;4;3;3;4;4;4;4;4;3.83352189968612;4;3;4;2;4;4;4;NA;4;4;4;4;4;4;4;Day;6.8;0
du;TRUE;F;45-54;Company_1;standard;3;3;2;3;4;4;4;4;4;1;2;4;4;4;4;3;4.05947367372133;4;1;4;-999;-999;-999;-999;4;4;4;4;4;4;4;4;Day;7.4;0
nl;TRUE;M;25-34;Company_6;standard;3;2;NA;2;3;NA;3;3;4;3;2;3;4;2;2;4;2.78274838548891;3;3;2;-999;-999;-999;-999;NA;4;4;4;4;4;4;4;Day;5.3;0
fr;FALSE;F;>=55;Company_2;standard;3;1;2;2;3;3;4;4;4;2;3;4;4;4;4;4;3.86555183063798;2;NA;4;-999;-999;-999;-999;4;4;NA;4;4;4;NA;4;Day;7;0
nl;FALSE;M;45-54;Company_4;standard;3;3;3;3;4;4;2;4;4;3;3;4;4;4;3;4;NA;4;3;3;-999;-999;-999;-999;4;NA;4;4;4;4;4;4;Day;6.6;0
nl;TRUE;M;45-54;Company_2;standard;3;3;3;3;4;4;4;NA;4;3;3;4;4;3;4;3;4.05693545157893;4;3;4;-999;-999;-999;-999;4;NA;4;4;4;4;4;4;Rotating;8.8;0
nl;FALSE;M;<25;Company_1;standard;3;3;NA;2;3;4;1;3;4;NA;3;NA;4;1;3;2;3.01218178457097;NA;3;3;-999;-999;-999;-999;4;NA;4;4;4;2;4;4;Day;7.5;0
du;FALSE;F;45-54;Company_2;standard;NA;1;1;2;NA;4;3;NA;4;2;NA;3;4;3;1;3;2.44000263832688;4;2;4;-999;-999;-999;-999;4;4;4;4;4;4;NA;4;Day;6.4;0
nl;TRUE;M;35-44;Company_5;standard;3;3;3;3;2;4;1;4;3;3;3;3;4;4;3;3;3.00490416879461;2;3;3;-999;-999;-999;-999;4;4;4;4;4;4;4;4;Day;7.8;0
du;TRUE;F;25-34;Company_2;standard;2;2;1;2;3;4;4;4;4;3;3;4;NA;4;4;4;4.5032888488924;3;2;4;-999;-999;-999;-999;NA;4;4;NA;NA;4;4;4;Day;9.1;1
du;FALSE;F;25-34;Company_10;standard;3;NA;1;1;3;4;4;4;4;1;1;4;3;4;4;4;2.8492447787039;4;1;4;-999;-999;-999;-999;NA;4;4;NA;4;4;NA;4;Day;6.3;0
nl;FALSE;M;25-34;Company_9;standard;1;1;3;3;2;3;4;2;3;3;2;4;4;4;4;3;3.58038453026449;3;3;3;-999;-999;-999;-999;4;4;4;4;4;4;4;4;Rotating;5.3;0
fr;FALSE;M;25-34;Company_4;standard;1;3;3;3;4;4;4;4;4;2;3;1;4;3;1;3;4.15340435771177;4;3;4;-999;-999;-999;-999;4;NA;4;4;4;4;4;4;Night;6.5;0
du;FALSE;F;<25;Company_1;standard;1;3;3;3;3;NA;4;4;4;2;3;4;4;4;4;4;3.73189094433519;NA;2;NA;-999;-999;-999;-999;4;4;4;4;4;4;4;4;Day;6.8;0
nl;FALSE;M;45-54;Company_1;standard;3;2;2;3;NA;4;4;4;4;3;2;4;4;4;4;4;1.88114909000962;4;1;4;-999;-999;-999;-999;4;4;4;4;4;4;NA;4;Day;7.3;0
nl;FALSE;M;>=55;Company_6;standard;2;1;3;1;1;1;2;3;3;2;3;4;4;4;4;4;3.55815839611106;1;3;4;-999;-999;-999;-999;NA;NA;4;4;NA;NA;3;4;Day;7.1;0
nl;FALSE;M;45-54;Company_1;standard;3;3;3;3;1;1;2;3;3;1;1;4;2;3;3;3;3.07722255230157;2;1;2;-999;-999;-999;-999;NA;4;4;4;4;3;4;NA;Day;7.9;0
du;FALSE;M;45-54;Company_5;standard;2;2;3;1;2;4;3;2;2;3;3;2;3;4;2;1;3.2827563471266;4;NA;3;-999;-999;-999;-999;3;4;4;4;4;NA;4;NA;Rotating;9.1;0
fr;FALSE;M;25-34;Company_8;standard;3;3;3;3;3;4;3;3;3;3;3;4;4;4;4;4;4.52755800389896;3;3;4;-999;-999;-999;-999;4;4;4;4;4;4;4;4;Rotating;7.3;0
nl;FALSE;F;35-44;Company_3;standard;1;1;1;2;2;4;3;4;3;2;1;3;4;4;2;4;3.70566633134468;NA;3;3;-999;-999;-999;-999;4;NA;4;4;4;4;NA;4;Day;7.4;1
nl;FALSE;F;<25;Company_10;standard;3;2;3;1;4;4;4;4;4;3;3;4;4;4;3;3;3.4314707530001;3;3;3;-999;-999;-999;-999;4;4;4;4;NA;4;4;4;Night;3.4;1
nl;FALSE;F;35-44;Company_1;standard;2;3;2;3;3;NA;3;4;4;3;3;2;4;4;3;4;3.57140174123623;4;3;4;-999;-999;-999;-999;4;4;4;4;4;4;4;4;Day;6.4;0
fr;FALSE;F;25-34;Company_8;standard;3;1;1;2;3;4;1;4;4;2;1;3;3;3;3;3;2.57020590160138;3;3;3;-999;-999;-999;-999;NA;4;4;4;4;3;4;4;Rotating;5.6;1
nl;FALSE;M;<25;Company_7;standard;3;1;2;3;4;4;NA;4;4;2;2;4;4;3;3;3;3.25005708282252;3;1;2;-999;-999;-999;-999;4;4;4;4;4;NA;4;4;Day;7.1;0
nl;FALSE;M;25-34;Company_4;extended;2;3;3;3;4;4;3;3;4;3;NA;4;4;4;4;4;2.72249872600286;NA;3;4;3;3;3;3;4;4;4;4;4;4;4;4;Day;5.7;1
fr;FALSE;M;35-44;Company_3;standard;2;1;2;NA;4;4;3;4;4;3;3;4;3;NA;3;4;1.78964411142012;4;3;4;-999;-999;-999;-999;NA;4;NA;4;4;4;NA;4;Day;7.3;0
nl;FALSE;F;45-54;Company_3;standard;2;1;1;2;4;4;3;4;4;3;3;4;4;4;3;4;3.25453960659771;3;3;4;-999;-999;-999;-999;NA;4;4;4;4;4;NA;4;Rotating;6.8;0
nl;FALSE;M;25-34;Company_2;standard;1;1;1;NA;2;3;4;NA;3;3;2;4;4;4;4;4;3.75860516307098;3;3;4;-999;-999;-999;-999;NA;4;4;4;4;4;4;NA;Day;6.7;1
nl;FALSE;M;25-34;Company_8;standard;3;3;3;3;NA;4;4;4;4;1;2;4;4;4;4;4;4.29167012354335;4;3;4;-999;-999;-999;-999;NA;4;4;4;NA;4;NA;4;Day;8.8;0
nl;FALSE;M;45-54;Company_9;standard;3;3;3;3;NA;4;4;4;4;3;3;4;4;4;4;4;2.96808163643033;NA;3;4;-999;-999;-999;-999;4;4;4;NA;4;4;NA;4;Day;6.4;0
en;FALSE;M;25-34;Company_6;standard;2;1;NA;2;3;4;3;4;4;3;3;4;4;4;4;3;2.52895587553351;4;3;4;-999;-999;-999;-999;NA;4;4;4;4;NA;4;4;Rotating;7.3;0
du;FALSE;F;>=55;Company_7;standard;2;1;3;NA;2;4;3;4;3;1;2;4;4;4;4;4;1.75959882463651;3;1;4;-999;-999;-999;-999;4;4;4;NA;NA;4;4;4;Day;6.5;0
nl;FALSE;M;25-34;Company_8;standard;2;2;2;1;3;4;4;3;3;3;2;3;4;4;4;2;4.12440507901229;NA;2;1;-999;-999;-999;-999;4;4;4;4;NA;4;4;4;Day;6.4;0
nl;FALSE;F;45-54;Company_5;standard;3;2;3;3;4;4;3;3;4;3;3;3;3;2;3;4;2.93809673142673;4;1;3;-999;-999;-999;-999;NA;4;NA;4;4;4;NA;4;Rotating;7.2;0
nl;TRUE;M;45-54;Company_4;standard;3;NA;2;3;4;4;4;NA;3;3;3;4;4;3;4;4;3.69082449610138;4;3;4;-999;-999;-999;-999;NA;4;4;4;NA;4;4;4;Day;5.9;0
nl;TRUE;M;25-34;Company_5;standard;2;3;2;NA;3;4;3;4;4;3;3;2;4;NA;2;1;2.59120341783914;4;2;2;-999;-999;-999;-999;4;4;NA;4;4;4;4;4;Night;6;0
nl;TRUE;M;<25;Company_2;standard;3;2;2;3;3;NA;3;4;3;3;3;2;3;3;2;2;2.17301750665777;4;3;4;-999;-999;-999;-999;NA;4;4;4;4;4;NA;4;Rotating;6.7;0
du;FALSE;F;<25;Company_5;standard;3;3;3;3;3;NA;1;3;4;3;3;4;4;4;4;3;3.63794950012565;3;3;4;-999;-999;-999;-999;4;4;4;NA;4;NA;4;4;Day;6.5;0
nl;FALSE;M;25-34;Company_10;standard;3;3;3;3;3;3;3;4;NA;3;3;NA;4;4;4;4;3.81816229579993;4;3;4;-999;-999;-999;-999;4;NA;4;4;4;4;4;NA;Day;6.4;0
nl;FALSE;F;45-54;Company_4;extended;NA;3;3;3;2;3;3;4;3;2;2;4;4;4;NA;4;3.48454151151211;3;2;4;3;3;4;2;4;4;4;4;NA;4;NA;4;Night;5.9;0
du;TRUE;M;>=55;Company_8;standard;3;3;3;NA;3;3;4;NA;3;3;3;4;4;4;4;4;3.15334380198611;4;3;4;-999;-999;-999;-999;4;4;4;NA;4;4;NA;NA;Rotating;5.6;0
du;FALSE;M;45-54;Company_5;standard;3;3;3;3;4;4;4;3;4;1;3;3;3;3;2;3;1.55209534071529;4;2;4;-999;-999;-999;-999;4;4;NA;4;4;4;4;4;Day;8.1;0
du;FALSE;M;35-44;Company_6;standard;2;3;3;3;NA;4;4;3;3;3;3;4;4;4;4;4;2.34326122714784;3;3;NA;-999;-999;-999;-999;NA;4;4;NA;NA;4;NA;NA;Day;5.7;1
nl;TRUE;M;>=55;Company_3;standard;3;3;3;3;3;4;4;4;4;3;3;4;4;4;4;4;3.54135576229726;3;3;4;-999;-999;-999;-999;4;NA;NA;4;NA;NA;4;4;Day;9.2;0
du;TRUE;M;35-44;Company_10;standard;3;3;3;3;4;4;4;4;4;3;3;2;4;3;1;3;2.69887810916381;4;3;3;-999;-999;-999;-999;4;4;4;4;NA;4;4;4;Day;6.8;0
nl;TRUE;M;NA;Company_3;standard;NA;1;1;1;2;4;4;3;4;3;3;3;4;2;2;2;3.58305877265003;3;NA;4;-999;-999;-999;-999;4;4;NA;4;NA;4;4;4;Day;7.8;1
du;FALSE;F;35-44;Company_3;standard;3;3;3;3;4;3;1;3;3;2;2;4;4;4;4;4;2.44566399296326;2;2;4;-999;-999;-999;-999;NA;NA;NA;4;NA;3;4;4;Day;6.8;0
nl;FALSE;M;>=55;Company_8;standard;3;2;NA;3;3;4;4;3;3;3;3;4;4;4;4;4;2.36031501549345;4;3;4;-999;-999;-999;-999;4;NA;4;NA;4;4;4;4;Night;5.3;0
nl;FALSE;F;25-34;Company_2;standard;3;3;3;3;4;4;3;4;4;3;3;4;4;4;3;4;3.16131510932768;4;3;4;-999;-999;-999;-999;4;4;4;4;4;4;4;4;Day;8.1;0
nl;TRUE;M;45-54;Company_6;standard;NA;1;3;3;2;4;4;3;3;3;3;NA;4;4;3;3;3.90096324927097;3;2;4;-999;-999;-999;-999;4;NA;4;4;NA;4;4;4;Day;7.4;1
du;TRUE;M;35-44;Company_10;standard;3;1;2;3;4;4;2;4;4;3;NA;NA;3;4;NA;NA;2.71963183993405;4;3;NA;-999;-999;-999;-999;NA;NA;4;4;NA;NA;4;4;Day;9;0
du;FALSE;M;25-34;Company_6;standard;2;3;2;NA;3;4;3;4;3;1;3;4;4;4;3;4;5.38667188423881;3;3;4;-999;-999;-999;-999;4;NA;4;NA;NA;NA;4;4;Day;6.8;0
du;FALSE;M;25-34;Company_1;standard;3;3;3;NA;4;4;2;4;4;1;NA;4;4;4;4;4;NA;4;1;4;-999;-999;-999;-999;4;4;4;4;4;4;4;4;Day;7.3;0
nl;FALSE;F;45-54;Company_4;standard;3;3;NA;3;3;3;4;2;2;2;2;4;3;3;4;4;3.17545125192413;3;1;4;-999;-999;-999;-999;NA;NA;4;4;4;4;NA;NA;Day;6.3;0
du;TRUE;M;>=55;Company_9;standard;3;3;3;3;2;3;4;3;3;3;3;4;3;4;3;3;4.97340907912988;4;2;2;-999;-999;-999;-999;4;4;4;4;4;4;4;4;Rotating;5.3;0
fr;FALSE;M;35-44;Company_4;standard;2;1;3;3;3;4;3;4;4;3;2;4;4;4;4;4;2.30109201400529;4;3;4;-999;-999;-999;-999;4;4;NA;4;4;NA;NA;4;Rotating;7.5;0
nl;FALSE;F;>=55;Company_8;standard;1;2;3;3;2;4;3;4;4;3;3;4;4;4;3;3;3.91612535312917;2;3;4;-999;-999;-999;-999;4;4;NA;NA;NA;4;4;4;Day;7;0
nl;FALSE;F;45-54;Company_3;standard;2;1;1;2;NA;3;3;3;4;3;3;4;4;4;3;4;3.05018759421432;3;3;NA;-999;-999;-999;-999;4;4;NA;NA;4;4;NA;4;Rotating;5.4;1
du;FALSE;M;25-34;Company_5;standard;2;1;NA;3;2;3;4;3;NA;3;3;3;NA;3;3;3;2.12697968405255;4;3;2;-999;-999;-999;-999;4;4;4;NA;NA;4;4;NA;Day;4.8;0
nl;TRUE;M;35-44;Company_1;standard;2;3;2;3;4;4;4;4;NA;2;2;NA;4;4;4;4;3.01863564518208;3;3;4;-999;-999;-999;-999;4;NA;4;NA;4;4;4;NA;Day;7.1;0
du;FALSE;M;>=55;Company_9;standard;2;1;1;2;3;4;4;4;3;3;NA;4;4;3;3;3;4.71395398850608;1;3;4;-999;-999;-999;-999;4;4;4;4;4;NA;4;4;Day;6.2;0
nl;FALSE;M;35-44;Company_9;standard;3;3;3;3;2;4;3;4;3;3;3;4;4;4;3;4;3.42746262170037;4;3;4;-999;-999;-999;-999;4;4;4;4;4;4;NA;4;Rotating;7.8;0
nl;FALSE;M;45-54;Company_7;standard;3;1;3;2;2;3;4;3;4;3;3;2;3;3;1;2;3.60956526713114;2;3;1;-999;-999;-999;-999;4;4;4;4;4;4;4;4;Day;8.3;1
nl;TRUE;F;35-44;Company_1;standard;2;3;2;3;3;3;3;3;3;3;3;4;4;4;3;3;4.22421597113155;2;1;4;-999;-999;-999;-999;4;4;NA;4;4;4;4;4;Day;7.9;1
du;TRUE;F;25-34;Company_10;standard;3;3;2;3;3;NA;4;3;4;3;3;3;4;4;3;4;2.27287254678353;4;3;3;-999;-999;-999;-999;NA;4;NA;NA;4;4;4;4;Night;8.5;0
en;TRUE;M;45-54;Company_8;standard;2;1;3;3;3;4;3;4;4;2;1;4;4;3;4;4;4.66398029953877;4;2;4;-999;-999;-999;-999;4;4;NA;4;4;4;4;4;Day;5.7;0
du;FALSE;M;35-44;Company_4;extended;3;3;3;2;3;3;4;1;3;3;3;4;3;2;4;4;3.25052889277699;2;3;4;2;4;3;4;4;4;NA;4;NA;4;4;4;Day;6.1;0
du;FALSE;M;45-54;Company_5;standard;3;3;2;3;2;4;3;3;4;2;3;3;4;4;3;4;4.01466803362969;4;3;3;-999;-999;-999;-999;4;4;4;4;4;NA;4;4;Night;5.2;0
nl;FALSE;M;25-34;Company_9;standard;2;3;2;2;3;3;3;4;4;1;1;4;NA;4;4;4;4.42742775918524;4;NA;4;-999;-999;-999;-999;NA;4;4;NA;4;4;4;4;Day;7.3;0
nl;FALSE;M;>=55;Company_6;standard;3;2;2;3;2;4;3;4;4;3;2;3;3;4;3;4;2.11999296573405;3;1;3;-999;-999;-999;-999;4;4;4;4;4;4;4;4;Day;6.1;0
nl;FALSE;M;35-44;Company_1;standard;2;2;1;1;2;4;4;3;4;2;3;4;4;4;4;4;4.84676015177355;1;NA;4;-999;-999;-999;-999;NA;4;4;4;4;4;4;4;Day;5.8;0
du;FALSE;M;35-44;Company_4;extended;3;3;2;3;2;2;NA;2;2;3;2;4;4;3;3;2;2.72481594481332;2;3;2;4;1;2;4;4;4;4;NA;4;NA;4;4;Day;7.1;1
nl;FALSE;M;25-34;Company_5;standard;2;3;1;1;3;4;4;3;3;3;3;4;3;4;4;4;3.10963906168828;3;2;4;-999;-999;-999;-999;4;NA;NA;4;NA;4;4;4;Rotating;3.6;0
nl;FALSE;M;45-54;Company_6;standard;3;3;3;3;3;4;4;NA;3;3;3;4;4;4;4;4;3.14570445061515;4;NA;4;-999;-999;-999;-999;NA;NA;4;4;4;NA;NA;4;Day;9.3;0
du;FALSE;M;45-54;Company_4;extended;3;1;3;2;3;3;3;3;4;2;1;1;2;2;2;3;2.67149772808179;3;1;3;3;4;3;3;4;4;4;4;4;4;4;4;Day;5.5;0
nl;FALSE;M;35-44;Company_8;standard;3;2;2;3;3;3;3;3;2;3;3;NA;4;4;4;4;1.94121611079322;2;NA;NA;-999;-999;-999;-999;4;NA;4;NA;NA;4;4;4;Day;6.8;0
nl;TRUE;M;45-54;Company_10;standard;2;3;2;3;4;NA;3;4;4;3;2;3;3;3;3;3;2.08496252766848;NA;3;3;-999;-999;-999;-999;NA;4;4;4;4;4;4;4;Night;6.7;0
du;TRUE;M;<25;Company_10;standard;3;3;3;NA;4;NA;4;4;4;3;3;4;3;3;NA;NA;1.20389072387544;4;3;4;-999;-999;-999;-999;NA;4;NA;4;NA;4;4;4;Day;6.8;0
nl;FALSE;M;35-44;Company_2;standard;3;2;1;3;2;4;3;2;3;3;3;4;4;4;4;4;2.30631575310959;3;NA;4;-999;-999;-999;-999;4;NA;4;NA;4;4;NA;4;Day;7.3;0
nl;FALSE;M;25-34;Company_7;standard;3;2;NA;3;2;1;2;2;2;3;2;4;4;4;4;4;3.6356653136015;3;2;NA;-999;-999;-999;-999;4;4;NA;NA;NA;4;4;4;Day;6.9;0
fr;FALSE;M;45-54;Company_4;standard;3;3;2;2;4;4;1;4;4;3;3;NA;4;3;3;2;3.44000484504081;2;NA;4;-999;-999;-999;-999;4;NA;NA;4;4;4;4;NA;Rotating;7.9;0
du;FALSE;F;>=55;Company_9;standard;3;2;3;2;3;4;3;4;4;3;3;4;3;4;3;4;2.51967273999195;2;3;4;-999;-999;-999;-999;NA;4;4;4;4;4;4;4;Night;6.9;0
nl;FALSE;M;45-54;Company_4;standard;3;2;2;3;2;NA;3;3;3;3;3;4;4;NA;3;4;2.79293153477569;3;3;4;-999;-999;-999;-999;NA;4;NA;4;4;4;4;NA;Day;5;0
nl;FALSE;M;35-44;Company_2;standard;3;2;3;3;1;2;NA;3;NA;3;3;4;4;NA;4;4;3.69665328228466;4;3;4;-999;-999;-999;-999;4;4;NA;4;4;NA;4;NA;Day;7.6;0
nl;FALSE;F;25-34;Company_5;standard;3;3;3;3;3;3;3;4;4;3;3;2;2;2;3;2;3.23531882538571;3;3;3;-999;-999;-999;-999;3;4;4;4;4;NA;NA;4;Day;9.5;0
du;FALSE;F;45-54;Company_1;standard;3;NA;3;3;2;4;4;4;4;3;3;3;4;4;3;4;4.23423519027692;4;3;2;-999;-999;-999;-999;4;4;4;NA;4;4;4;4;Day;6;1
du;FALSE;M;35-44;Company_5;standard;3;3;3;1;3;4;4;3;4;3;3;4;4;4;4;4;4.18169106225642;3;3;4;-999;-999;-999;-999;4;NA;4;4;4;4;4;NA;Day;6.5;0
nl;FALSE;M;>=55;Company_3;standard;1;1;1;1;4;4;4;4;4;3;3;4;4;4;NA;NA;2.33886225207382;4;3;4;-999;-999;-999;-999;NA;4;NA;4;NA;4;4;4;Rotating;7.1;0
nl;FALSE;M;45-54;Company_7;standard;3;3;2;3;4;4;3;4;4;1;1;3;4;4;2;3;3.00006167576754;3;1;3;-999;-999;-999;-999;NA;NA;4;4;4;4;NA;4;Day;6.1;0
fr;FALSE;M;25-34;Company_2;standard;2;3;3;3;3;2;4;4;3;1;2;4;NA;4;1;2;2.58669082595564;3;2;NA;-999;-999;-999;-999;NA;NA;NA;NA;4;4;4;4;Day;8.4;1
nl;FALSE;M;45-54;Company_10;standard;3;3;3;3;3;4;3;4;4;3;2;4;3;3;1;NA;2.18587380857043;3;3;NA;-999;-999;-999;-999;NA;4;4;4;4;4;4;4;Rotating;6.3;1
en;FALSE;M;35-44;Company_10;standard;3;3;3;3;4;NA;4;4;4;3;3;2;4;3;NA;3;4.19703294752442;4;3;2;-999;-999;-999;-999;NA;4;4;4;NA;4;4;4;Day;6.3;0
nl;FALSE;F;45-54;Company_9;standard;3;3;2;3;3;4;3;3;3;NA;1;3;3;3;1;3;2.74618226760459;4;1;NA;-999;-999;-999;-999;4;4;4;4;4;4;4;4;Day;7.3;0
nl;TRUE;M;35-44;Company_9;standard;2;3;3;2;NA;3;4;2;2;2;3;4;NA;4;3;4;3.23831839376333;3;2;4;-999;-999;-999;-999;4;4;4;NA;4;4;NA;4;Day;3.9;0
fr;FALSE;F;45-54;Company_3;standard;3;3;3;3;3;4;NA;3;3;3;3;4;4;4;4;4;3.26634885856809;NA;3;NA;-999;-999;-999;-999;4;4;4;4;4;NA;NA;NA;Day;10;0
fr;FALSE;F;35-44;Company_8;standard;3;3;2;3;3;3;3;4;3;2;3;3;3;4;4;4;3.34081066002914;2;NA;NA;-999;-999;-999;-999;4;4;4;4;4;4;4;4;Day;6.7;0
nl;FALSE;F;45-54;Company_7;standard;2;3;2;3;3;4;4;4;3;3;3;4;4;4;4;4;2.59766457419072;3;3;4;-999;-999;-999;-999;NA;4;4;4;4;4;4;4;Day;6;1
du;FALSE;F;35-44;Company_10;standard;NA;3;3;2;3;3;1;4;3;3;3;4;4;4;NA;4;3.73563668551538;3;3;4;-999;-999;-999;-999;NA;4;4;4;NA;4;4;4;Rotating;7.3;1
en;TRUE;F;>=55;Company_6;standard;2;2;2;1;4;NA;3;NA;4;3;3;NA;NA;4;4;4;5.47030231362036;4;3;3;-999;-999;-999;-999;4;NA;NA;NA;4;4;NA;4;Rotating;6.7;0
fr;FALSE;M;25-34;Company_10;standard;2;3;2;3;4;4;4;4;4;3;2;4;4;4;3;4;2.53184194695492;4;2;4;-999;-999;-999;-999;NA;NA;4;NA;NA;NA;4;4;Day;6.3;0
nl;TRUE;M;>=55;Company_2;standard;3;2;3;3;3;1;3;4;4;3;3;4;4;4;3;2;2.91645835830759;4;1;4;-999;-999;-999;-999;3;4;4;NA;4;NA;4;4;Rotating;6.7;0
nl;TRUE;M;<25;Company_7;standard;2;2;3;3;4;4;4;4;4;2;2;3;4;4;4;4;2.99926664171843;4;1;3;-999;-999;-999;-999;4;4;4;4;4;4;4;4;Day;4;0
du;TRUE;F;>=55;Company_10;standard;2;2;1;2;3;2;1;2;2;2;1;4;4;4;3;4;3.32070298783522;3;2;4;-999;-999;-999;-999;4;4;4;4;4;NA;4;NA;Day;6.9;1
nl;FALSE;F;25-34;Company_5;standard;3;2;2;3;3;4;4;3;4;2;3;4;3;2;3;4;4.31562745829839;4;2;3;-999;-999;-999;-999;4;4;4;4;4;4;4;NA;Rotating;8.5;1
nl;TRUE;M;45-54;Company_5;standard;2;2;2;3;3;4;2;4;4;2;2;4;4;4;2;3;2.39917909996952;4;1;3;-999;-999;-999;-999;4;NA;4;4;4;4;4;4;Day;6.8;0
nl;FALSE;F;>=55;Company_5;standard;3;3;3;3;3;2;4;3;3;2;2;NA;2;4;1;3;3.38147339806348;3;2;NA;-999;-999;-999;-999;4;NA;4;4;NA;4;4;4;Day;7.7;0
du;TRUE;M;35-44;Company_7;standard;3;3;2;3;4;NA;3;3;4;3;3;4;4;4;2;4;2.85663335832848;3;3;4;-999;-999;-999;-999;4;4;4;4;4;4;4;NA;Day;9;0
nl;FALSE;M;25-34;Company_7;standard;3;3;3;3;3;NA;4;4;4;2;NA;4;3;3;NA;3;2.3935490937439;4;2;3;-999;-999;-999;-999;4;NA;4;4;NA;4;NA;4;Night;7.4;0
du;FALSE;NA;35-44;Company_8;standard;3;3;2;3;3;4;3;2;NA;2;2;1;2;3;3;2;3.36244743994627;NA;2;2;-999;-999;-999;-999;NA;4;4;4;4;3;4;NA;Night;6;0
nl;FALSE;M;45-54;Company_8;standard;3;3;3;3;4;4;4;4;4;2;2;4;3;4;4;4;3.44651111398882;4;1;NA;-999;-999;-999;-999;4;4;4;4;4;4;4;NA;Day;5.2;1
fr;TRUE;F;35-44;Company_4;extended;NA;3;3;3;2;3;2;3;3;3;3;3;4;3;3;4;3.6242210845167;2;3;4;2;3;1;3;4;4;NA;NA;4;4;4;4;Day;6.8;1
nl;FALSE;M;35-44;Company_6;standard;3;3;3;3;2;4;3;3;2;3;3;4;4;4;3;2;2.31709603616365;3;3;4;-999;-999;-999;-999;4;4;4;4;4;4;4;4;Day;4.9;0
nl;FALSE;F;25-34;Company_7;standard;3;3;3;3;4;4;4;4;4;3;NA;4;4;4;4;4;3.55149607957431;4;3;4;-999;-999;-999;-999;4;4;4;4;4;4;4;4;Day;8.3;0
fr;FALSE;F;25-34;Company_10;standard;3;2;3;3;3;3;4;NA;3;2;2;4;4;4;4;4;3.92744227141086;1;3;4;-999;-999;-999;-999;NA;4;NA;4;NA;4;NA;4;Day;5;0
nl;FALSE;F;>=55;Company_3;standard;2;3;1;2;3;4;3;3;4;1;2;4;4;4;3;3;2.754506350225;NA;1;4;-999;-999;-999;-999;NA;4;4;NA;4;4;NA;NA;Rotating;7.8;0
du;TRUE;M;35-44;Company_6;standard;3;3;3;3;NA;4;4;4;4;3;2;4;3;4;4;3;2.36628076820879;NA;3;4;-999;-999;-999;-999;4;4;4;4;4;4;NA;4;Day;6.4;0
du;FALSE;M;45-54;Company_5;standard;3;2;1;3;3;4;2;4;4;3;3;4;4;4;3;4;2.04462160340244;4;2;NA;-999;-999;-999;-999;4;4;NA;NA;4;3;4;4;Rotating;8.5;0
nl;FALSE;F;45-54;Company_1;standard;1;1;3;2;4;4;4;4;4;3;3;NA;NA;2;2;2;2.45612609433257;4;2;3;-999;-999;-999;-999;NA;NA;4;NA;NA;4;4;4;Day;7.6;1
fr;FALSE;M;>=55;Company_3;standard;3;3;3;3;4;4;NA;4;4;3;3;4;4;4;3;4;3.59161360887485;3;NA;2;-999;-999;-999;-999;4;4;4;4;4;NA;4;4;Night;7.2;1
nl;TRUE;F;45-54;Company_5;standard;3;3;3;3;2;3;3;4;3;3;3;NA;4;3;4;4;NA;3;3;4;-999;-999;-999;-999;4;NA;NA;NA;4;NA;4;4;Night;6.7;1
du;FALSE;M;25-34;Company_2;standard;3;3;3;3;3;2;2;3;2;3;3;4;4;4;4;4;NA;2;3;4;-999;-999;-999;-999;4;4;NA;NA;4;4;4;NA;Day;6.5;0
nl;FALSE;M;35-44;Company_6;standard;3;2;NA;3;4;4;3;4;4;3;1;3;3;4;3;3;3.30752998786701;4;2;4;-999;-999;-999;-999;4;NA;4;4;4;NA;4;NA;Rotating;6;1
nl;FALSE;M;35-44;Company_8;standard;2;3;3;3;3;4;3;4;NA;1;1;3;4;3;3;4;3.96437909999034;4;1;4;-999;-999;-999;-999;4;4;4;4;NA;4;4;NA;Day;5.8;0
nl;TRUE;F;35-44;Company_10;standard;3;NA;3;3;3;3;3;4;4;2;1;4;3;4;NA;4;4.31982626750565;3;3;4;-999;-999;-999;-999;4;4;NA;4;NA;4;NA;4;Rotating;8.1;0
fr;FALSE;M;>=55;Company_8;standard;2;3;2;3;3;4;3;4;4;NA;3;2;3;3;2;3;3.62571902683942;4;3;1;-999;-999;-999;-999;4;4;4;4;4;4;4;4;Day;7.2;0
du;FALSE;F;35-44;Company_6;standard;3;3;2;3;NA;4;4;4;NA;3;3;4;4;4;4;4;2.1601036878466;4;3;4;-999;-999;-999;-999;4;4;4;4;4;NA;NA;NA;Day;7.5;0
du;FALSE;F;35-44;Company_6;standard;1;1;1;3;3;4;4;3;4;2;3;4;4;NA;3;4;3.33545379575228;1;3;4;-999;-999;-999;-999;4;4;NA;4;4;4;4;4;Day;6;0
du;FALSE;M;35-44;Company_2;standard;NA;3;3;3;4;4;2;4;NA;2;3;4;4;4;4;4;3.38080423272362;4;2;4;-999;-999;-999;-999;4;4;4;4;4;4;NA;NA;Day;8.3;0
nl;FALSE;F;35-44;Company_7;standard;2;2;3;3;3;3;2;4;4;3;3;4;3;4;3;4;3.33182606113534;NA;3;4;-999;-999;-999;-999;4;4;NA;NA;4;NA;4;4;Day;8.1;0
du;FALSE;F;35-44;Company_10;standard;3;3;1;NA;2;4;3;3;4;3;2;NA;4;NA;3;4;2.96909762204461;2;2;4;-999;-999;-999;-999;NA;NA;NA;4;4;4;NA;4;Day;7.2;0
fr;FALSE;F;35-44;Company_3;standard;3;NA;3;3;3;3;NA;4;4;3;3;3;3;NA;3;4;1.50627278818651;4;3;3;-999;-999;-999;-999;4;NA;NA;4;4;NA;4;4;Day;6.5;0
du;FALSE;M;35-44;Company_9;standard;3;3;3;3;4;4;4;2;4;3;2;NA;3;4;1;3;3.69990134818734;3;2;2;-999;-999;-999;-999;NA;NA;4;4;NA;4;4;NA;Day;5.5;1
nl;FALSE;M;35-44;Company_1;standard;1;2;3;3;4;4;4;4;4;NA;2;4;4;4;4;4;1.91746407119365;3;1;4;-999;-999;-999;-999;4;4;4;4;4;4;4;4;Rotating;5.1;0
du;TRUE;M;45-54;Company_6;standard;1;1;2;NA;4;4;4;4;4;3;2;3;3;4;3;3;5.33880027743587;3;3;3;-999;-999;-999;-999;4;4;4;4;4;4;NA;4;Day;8.6;1
nl;FALSE;M;45-54;Company_4;standard;3;3;3;3;3;4;4;4;NA;2;NA;NA;4;4;4;4;2.2070529951866;4;1;4;-999;-999;-999;-999;NA;NA;4;4;4;4;4;NA;Day;7.1;1
nl;FALSE;M;45-54;Company_10;standard;3;NA;3;3;4;3;4;3;3;3;3;4;4;4;4;4;2.63003691400497;2;3;4;-999;-999;-999;-999;4;4;4;4;4;4;NA;4;Rotating;6.6;1
nl;TRUE;M;>=55;Company_1;standard;3;3;3;2;3;3;NA;3;3;3;3;4;4;4;3;4;3.38508686424168;1;3;4;-999;-999;-999;-999;4;NA;4;4;NA;NA;4;4;Day;6.8;0
du;FALSE;M;25-34;Company_7;standard;1;3;2;1;4;4;4;4;4;2;3;NA;4;4;3;4;3.64827932530196;3;3;3;-999;-999;-999;-999;4;NA;4;4;4;NA;4;4;Day;6;0
nl;FALSE;M;45-54;Company_10;standard;1;3;3;2;2;1;1;3;2;3;3;4;3;4;4;4;2.38412900941933;NA;3;3;-999;-999;-999;-999;4;4;4;NA;4;3;NA;4;Day;8.3;0
nl;FALSE;M;45-54;Company_1;standard;3;3;3;3;4;4;3;4;4;3;3;4;4;4;4;4;2.46562139254038;4;3;4;-999;-999;-999;-999;4;4;4;4;NA;4;4;4;Night;5.7;0
du;TRUE;M;<25;Company_9;standard;3;2;3;NA;4;4;3;4;4;3;3;4;4;4;3;4;2.51299529239527;2;3;4;-999;-999;-999;-999;4;4;4;4;4;4;4;4;Rotating;6.9;0
nl;FALSE;M;>=55;Company_7;standard;2;2;2;3;3;NA;4;2;3;3;2;3;3;4;3;3;3.56037828252367;2;3;3;-999;-999;-999;-999;4;4;4;4;4;4;4;NA;Day;7.2;0
du;FALSE;M;35-44;Company_4;standard;1;3;2;3;3;4;4;4;3;1;3;NA;4;4;4;4;2.50515264364465;4;NA;4;-999;-999;-999;-999;4;NA;4;NA;4;4;4;4;Day;5.8;1
du;FALSE;M;45-54;Company_9;standard;3;3;NA;2;4;4;4;4;4;3;3;4;4;4;4;4;2.83423969159223;4;3;4;-999;-999;-999;-999;NA;4;4;4;NA;4;4;4;Rotating;6.4;0
nl;FALSE;F;25-34;Company_8;standard;3;2;2;2;3;NA;4;NA;4;3;3;4;4;4;4;3;4.19102105578088;3;3;4;-999;-999;-999;-999;4;4;4;4;4;4;4;4;Day;7.9;0
nl;FALSE;F;35-44;Company_4;extended;2;3;3;3;4;4;NA;4;3;3;2;4;3;NA;3;3;2.86133832665395;4;3;4;2;3;4;4;4;NA;NA;4;4;NA;4;NA;Day;8.7;0
nl;FALSE;M;>=55;Company_1;standard;3;3;1;3;3;4;2;4;3;3;3;4;3;4;4;4;2.58051986037274;3;3;4;-999;-999;-999;-999;4;4;4;4;4;4;4;4;Day;6.7;0
nl;FALSE;F;35-44;Company_1;standard;1;2;2;2;3;4;3;3;4;2;3;4;4;4;3;4;4.13120098530183;3;2;4;-999;-999;-999;-999;4;4;4;NA;4;4;4;4;Day;7.7;0
du;TRUE;M;35-44;Company_5;standard;3;1;2;3;2;3;2;2;2;2;3;4;4;4;NA;NA;3.47212133181434;2;2;4;-999;-999;-999;-999;NA;4;4;4;NA;3;4;4;Day;7.7;0
nl;FALSE;F;>=55;Company_10;standard;3;3;3;2;3;4;3;4;4;3;3;3;3;3;3;3;3.47851730890803;NA;3;2;-999;-999;-999;-999;4;4;NA;4;4;4;NA;NA;Day;6.1;0
nl;FALSE;M;>=55;Company_3;standard;NA;2;1;1;3;3;1;NA;4;3;2;4;4;4;NA;4;3.71449648912543;4;2;4;-999;-999;-999;-999;NA;4;NA;4;NA;3;4;4;Day;7.1;0
nl;FALSE;F;35-44;Company_7;standard;NA;3;2;NA;NA;4;NA;3;3;2;3;4;4;3;2;4;2.47667321371095;3;3;4;-999;-999;-999;-999;4;4;4;NA;4;NA;NA;4;Rotating;6;0
du;FALSE;M;25-34;Company_10;standard;2;1;3;1;4;4;NA;3;4;3;3;4;NA;4;3;3;4.53331232660123;4;NA;4;-999;-999;-999;-999;4;4;NA;NA;4;NA;4;4;Day;7;0
du;FALSE;M;45-54;Company_3;standard;2;2;NA;3;3;3;2;3;3;1;2;4;4;3;NA;4;3.57554871881828;4;3;4;-999;-999;-999;-999;4;NA;4;NA;NA;3;4;4;Rotating;7.5;0
fr;FALSE;M;35-44;Company_7;standard;3;3;3;3;4;3;4;4;4;3;2;4;4;NA;3;4;2.85051995250569;NA;2;4;-999;-999;-999;-999;4;NA;NA;4;NA;4;4;4;Day;8.2;0
nl;FALSE;M;45-54;Company_2;standard;3;3;3;3;3;4;3;3;3;3;NA;2;2;3;2;3;3.73199214147034;3;3;4;-999;-999;-999;-999;4;NA;4;4;4;4;4;4;Day;7;0
du;FALSE;F;45-54;Company_4;extended;1;1;1;1;3;2;4;3;4;3;3;4;4;4;4;4;2.03943406219504;4;3;4;2;4;1;2;NA;NA;4;NA;4;4;NA;4;Day;4.8;0
du;FALSE;M;>=55;Company_5;standard;3;2;3;3;3;4;3;4;4;3;3;4;NA;4;2;3;3.07791029571453;4;NA;3;-999;-999;-999;-999;NA;4;NA;NA;4;4;4;4;Day;7.2;0
du;FALSE;M;45-54;Company_9;standard;3;2;3;3;3;4;3;4;4;3;3;4;4;3;4;4;3.47846215531638;4;3;4;-999;-999;-999;-999;4;4;NA;NA;4;4;4;NA;Rotating;7.9;0
nl;FALSE;M;35-44;Company_5;standard;1;3;1;1;1;2;2;1;2;3;3;4;3;2;4;2;3.13191488766603;2;3;2;-999;-999;-999;-999;4;4;NA;4;4;4;4;4;Rotating;7.1;0
du;FALSE;F;35-44;Company_5;standard;3;3;3;3;4;4;4;4;4;3;3;4;4;3;4;4;2.97206889146334;4;3;4;-999;-999;-999;-999;4;4;4;NA;4;4;4;4;Day;5.2;0
fr;FALSE;M;<25;Company_3;standard;1;2;1;1;NA;3;3;4;4;3;2;4;4;4;4;2;2.97619128441199;4;3;NA;-999;-999;-999;-999;NA;4;4;NA;4;4;NA;4;Day;8.2;0
nl;FALSE;M;25-34;Company_6;standard;3;3;3;3;3;4;4;3;3;2;1;2;3;3;2;3;3.55436750464213;4;2;2;-999;-999;-999;-999;NA;4;4;4;4;NA;4;NA;Day;7.1;0
nl;TRUE;M;35-44;Company_4;extended;3;3;2;3;3;4;3;4;4;2;2;3;3;3;2;3;2.94312847736922;4;1;3;4;4;4;3;4;4;4;4;4;4;4;4;Night;8;1
du;FALSE;M;NA;Company_8;standard;2;3;2;2;3;4;2;4;4;3;3;1;3;1;1;2;2.23374156945374;3;NA;3;-999;-999;-999;-999;4;4;3;NA;4;NA;4;4;Day;8;0
nl;FALSE;M;45-54;Company_1;standard;3;3;3;3;2;3;2;4;3;3;3;4;4;4;4;3;2.97795410401279;4;3;3;-999;-999;-999;-999;4;4;4;4;NA;4;4;NA;Day;7.5;0
fr;FALSE;M;>=55;Company_5;standard;2;2;2;2;4;4;4;4;4;2;NA;4;2;1;4;3;2.51669270421448;NA;2;3;-999;-999;-999;-999;4;NA;4;4;4;4;4;4;Day;6.2;0
du;FALSE;M;>=55;Company_3;standard;2;1;3;2;4;3;3;3;4;2;2;4;4;4;4;4;4.7444697979729;4;2;4;-999;-999;-999;-999;4;NA;NA;4;4;NA;4;4;Day;7.5;0
nl;FALSE;M;45-54;Company_4;standard;3;3;3;3;4;3;4;4;4;3;3;4;4;4;3;3;3.96965954309285;4;3;4;-999;-999;-999;-999;NA;NA;4;4;4;NA;4;4;Day;8.4;0
nl;FALSE;M;<25;Company_4;extended;3;1;2;3;2;2;1;3;3;3;2;4;4;4;4;4;3.31366620134889;2;3;NA;2;3;3;3;NA;4;4;4;4;4;4;4;Night;7.1;0
nl;FALSE;F;45-54;Company_10;standard;2;3;NA;2;2;4;3;3;4;3;3;2;3;4;2;3;2.88321449921765;3;2;2;-999;-999;-999;-999;4;4;4;NA;4;3;4;4;Day;6.8;0
nl;TRUE;M;45-54;Company_3;standard;3;3;3;3;3;4;3;4;NA;3;3;4;4;3;3;4;3.8394944452903;4;3;4;-999;-999;-999;-999;4;NA;4;4;4;4;4;NA;Day;5.4;0
nl;FALSE;F;>=55;Company_8;standard;3;2;3;3;2;4;4;3;4;3;3;3;4;3;4;4;NA;2;3;4;-999;-999;-999;-999;4;4;4;NA;4;4;4;NA;Rotating;8.1;0
nl;FALSE;M;>=55;Company_2;standard;1;1;1;NA;2;2;3;3;2;3;3;4;4;4;4;4;3.45422736871619;NA;3;4;-999;-999;-999;-999;4;NA;4;NA;4;4;4;4;Rotating;5.7;0
nl;FALSE;F;45-54;Company_6;standard;3;3;3;3;4;4;4;4;4;3;3;4;4;4;4;4;2.78687659687797;NA;3;4;-999;-999;-999;-999;4;4;4;4;NA;NA;NA;4;Day;7.8;1
nl;TRUE;M;45-54;Company_9;standard;1;1;3;3;4;NA;4;4;4;2;3;3;4;NA;3;3;2.77584778713559;3;3;3;-999;-999;-999;-999;4;4;NA;4;4;4;4;4;Rotating;4.2;0
du;FALSE;M;25-34;Company_5;standard;3;3;3;3;3;4;3;2;4;3;3;4;4;4;NA;4;2.27430147758764;2;3;4;-999;-999;-999;-999;NA;4;4;4;NA;4;4;4;Day;5.9;0
fr;TRUE;M;25-34;Company_8;standard;3;2;2;1;3;3;2;4;4;2;2;4;4;4;4;4;2.24498114295642;2;1;4;-999;-999;-999;-999;4;4;NA;4;4;4;NA;4;Day;6.2;0
nl;TRUE;M;45-54;Company_10;standard;2;2;1;3;4;2;4;3;2;NA;1;4;4;4;4;4;NA;3;3;4;-999;-999;-999;-999;4;4;4;4;4;4;4;4;Day;6.6;1
nl;FALSE;M;<25;Company_10;standard;2;3;2;2;3;4;3;4;4;3;NA;3;3;4;3;1;3.54303946499472;4;3;3;-999;-999;-999;-999;NA;NA;4;4;4;4;4;NA;Night;5.8;0
du;TRUE;M;35-44;Company_5;standard;NA;2;3;3;3;3;4;3;4;3;3;4;4;4;4;4;1.82193802712676;3;3;4;-999;-999;-999;-999;NA;4;4;4;4;NA;NA;4;Day;8.1;0
nl;FALSE;M;25-34;Company_3;standard;3;3;2;3;1;3;2;3;2;3;3;NA;3;3;4;4;3.23711151049346;2;3;4;-999;-999;-999;-999;4;NA;4;4;4;4;NA;4;Day;6.1;0
nl;FALSE;F;45-54;Company_9;standard;3;3;NA;3;NA;4;2;3;3;3;3;4;4;4;4;4;2.52419313763398;2;3;3;-999;-999;-999;-999;4;4;4;4;NA;4;NA;NA;Day;6;0
nl;FALSE;M;45-54;Company_7;standard;1;1;3;1;4;4;NA;4;4;3;3;4;4;4;4;4;2.93444734444487;4;3;4;-999;-999;-999;-999;4;NA;4;4;4;NA;4;4;Day;6.3;1
nl;TRUE;M;45-54;Company_6;standard;3;3;3;3;3;4;2;4;3;3;3;4;3;4;2;4;2.10261766545206;4;3;3;-999;-999;-999;-999;4;NA;NA;4;4;3;NA;4;Rotating;6.4;0
nl;FALSE;F;>=55;Company_8;standard;1;NA;2;2;4;4;4;4;4;2;3;4;4;4;2;3;3.3713927788744;2;2;3;-999;-999;-999;-999;4;NA;4;4;4;4;4;4;Day;6.1;1
fr;FALSE;M;45-54;Company_6;standard;2;1;3;3;2;3;2;2;NA;3;3;3;4;4;3;4;3.30440302516907;3;NA;4;-999;-999;-999;-999;NA;4;NA;4;NA;4;4;NA;Day;6.7;1
du;FALSE;NA;25-34;Company_8;standard;3;3;3;3;3;4;NA;3;4;2;2;4;4;4;3;3;1.93573218313781;2;1;NA;-999;-999;-999;-999;NA;4;4;4;4;NA;4;NA;Day;6.5;0
fr;FALSE;M;<25;Company_6;standard;3;3;2;3;4;4;4;4;4;1;1;3;3;4;NA;3;3.15707651815486;4;1;NA;-999;-999;-999;-999;4;4;4;NA;NA;4;NA;4;Day;6.7;0
du;FALSE;M;35-44;Company_4;standard;3;3;3;3;4;3;4;4;4;1;1;2;NA;3;1;2;2.3306132672222;NA;2;3;-999;-999;-999;-999;4;NA;4;NA;NA;4;4;NA;Day;6.9;0
nl;TRUE;F;35-44;Company_8;standard;3;3;3;NA;4;4;4;4;4;2;2;2;4;4;2;3;1.09379452518326;NA;2;4;-999;-999;-999;-999;4;4;NA;4;4;4;4;4;Rotating;7;0
nl;FALSE;M;45-54;Company_7;standard;NA;2;3;1;3;4;4;2;4;3;3;3;3;3;3;3;2.50646358963126;NA;3;3;-999;-999;-999;-999;4;4;4;4;4;NA;4;4;Night;6;0
nl;FALSE;M;25-34;Company_1;standard;3;2;3;2;2;3;2;4;3;3;3;4;4;4;3;4;3.22504335112721;4;3;NA;-999;-999;-999;-999;4;4;4;4;4;4;4;NA;Day;6.1;0
du;FALSE;F;35-44;Company_2;standard;3;3;3;3;3;2;3;3;4;3;3;2;3;4;2;3;1.51423536442455;3;3;3;-999;-999;-999;-999;4;4;NA;NA;4;4;4;NA;Rotating;8.1;0
nl;FALSE;M;45-54;Company_8;standard;3;3;2;3;3;3;3;2;3;2;2;4;4;3;4;4;3.54271110547538;2;2;4;-999;-999;-999;-999;4;NA;4;NA;4;4;4;4;Day;6.5;0
nl;FALSE;F;45-54;Company_8;standard;3;3;3;3;4;4;4;4;4;2;NA;3;3;4;2;4;2.99856406873348;2;3;4;-999;-999;-999;-999;4;NA;NA;4;4;4;NA;4;Day;7.6;1
nl;FALSE;M;45-54;Company_7;standard;3;NA;3;3;4;4;2;4;3;2;1;3;3;4;3;1;4.56515870622779;4;1;3;-999;-999;-999;-999;4;4;NA;4;4;NA;NA;4;Day;5.6;0
du;FALSE;M;>=55;Company_10;standard;2;2;3;2;3;NA;1;3;2;2;3;4;4;4;4;4;3.60042312466753;1;3;4;-999;-999;-999;-999;4;4;NA;4;4;2;4;NA;Day;5.7;1
nl;FALSE;F;35-44;Company_1;standard;3;3;3;3;4;4;3;4;4;3;3;2;4;3;4;3;3.89839771328977;4;3;4;-999;-999;-999;-999;4;4;4;4;4;4;4;NA;Day;6;0
nl;FALSE;M;45-54;Company_1;standard;3;3;NA;3;4;4;4;4;4;3;3;2;4;3;2;4;3.89620040535009;3;NA;4;-999;-999;-999;-999;4;4;4;4;4;4;NA;4;Day;6.8;0
nl;FALSE;F;45-54;Company_9;standard;2;3;2;3;3;4;3;4;4;2;3;3;3;4;4;2;2.87609456565293;4;2;2;-999;-999;-999;-999;4;4;NA;4;4;4;4;4;Day;8.2;1
nl;FALSE;NA;45-54;Company_5;standard;2;2;2;3;3;3;2;4;4;3;3;4;3;NA;3;NA;2.84552923909875;4;1;3;-999;-999;-999;-999;NA;4;NA;4;4;4;4;4;Day;8.7;1
du;TRUE;M;45-54;Company_6;standard;3;3;2;3;4;4;3;4;4;3;3;4;4;4;3;4;3.08833377097644;3;3;4;-999;-999;-999;-999;4;4;4;4;4;4;4;4;Day;6.3;0
fr;TRUE;M;<25;Company_9;standard;NA;3;3;3;2;2;3;2;3;3;2;4;4;NA;4;4;NA;2;3;3;-999;-999;-999;-999;4;NA;NA;4;4;4;4;4;Night;7.4;0
du;FALSE;F;45-54;Company_2;standard;2;3;3;3;4;NA;4;4;4;3;3;4;3;4;4;4;2.39570050268771;4;3;4;-999;-999;-999;-999;4;4;4;4;NA;4;4;4;Day;6;0
nl;FALSE;M;35-44;Company_4;extended;3;3;3;3;4;4;2;3;3;3;3;NA;4;4;4;4;2.37126898212722;3;2;4;3;4;3;4;NA;NA;4;4;4;4;4;NA;Night;5.9;0
du;FALSE;F;45-54;Company_10;standard;3;3;3;3;4;4;4;4;NA;3;3;4;4;4;3;3;1.97250679885435;4;3;3;-999;-999;-999;-999;4;4;4;4;NA;4;4;NA;Night;4.2;0
fr;FALSE;F;45-54;Company_10;standard;2;3;3;3;3;3;4;3;3;3;3;2;4;4;3;3;2.74899635619529;4;3;2;-999;-999;-999;-999;NA;4;NA;NA;4;NA;4;4;Day;5.6;0
nl;FALSE;M;35-44;Company_3;standard;3;NA;1;2;NA;3;4;3;4;3;NA;2;4;NA;2;3;2.1841009828867;3;3;4;-999;-999;-999;-999;4;4;NA;4;4;4;NA;NA;Day;8.1;0
nl;FALSE;M;25-34;Company_2;standard;3;3;3;3;1;2;1;4;2;3;3;3;4;4;2;4;3.15710647633646;1;3;4;-999;-999;-999;-999;4;4;4;4;4;3;3;4;Day;5.1;0
fr;FALSE;F;25-34;Company_1;standard;3;3;3;NA;3;3;3;3;4;3;3;4;4;4;4;4;3.77977483205818;3;3;4;-999;-999;-999;-999;4;4;4;NA;4;4;4;4;Night;6.5;0
du;FALSE;M;35-44;Company_5;standard;1;1;1;2;4;2;2;3;3;3;NA;3;4;4;4;3;2.91654638046061;2;3;3;-999;-999;-999;-999;NA;NA;4;4;NA;4;4;4;Day;6.5;0
fr;FALSE;F;45-54;Company_8;standard;1;2;2;2;3;4;4;3;4;3;3;4;4;4;4;4;1.96380236466794;4;NA;4;-999;-999;-999;-999;4;NA;4;4;4;4;4;4;Day;6.2;0
du;FALSE;F;25-34;Company_2;standard;1;3;2;3;4;4;3;4;4;3;3;4;4;4;4;4;1.63614982573273;4;NA;4;-999;-999;-999;-999;4;4;4;4;4;4;4;NA;Day;7.9;0
nl;FALSE;M;35-44;Company_10;standard;3;3;3;3;4;4;4;4;4;3;2;4;4;4;4;4;1.26456913922043;NA;3;NA;-999;-999;-999;-999;NA;4;4;4;4;4;4;4;Day;4.6;0
du;TRUE;M;25-34;Company_10;standard;3;2;2;2;4;4;4;4;4;3;3;4;4;3;4;4;2.94542349283848;4;2;4;-999;-999;-999;-999;4;4;NA;4;4;NA;4;4;Day;6.8;0
nl;TRUE;M;35-44;Company_3;standard;3;3;3;3;4;NA;4;4;4;3;3;4;4;4;4;4;2.59820666771007;2;3;4;-999;-999;-999;-999;4;4;4;NA;4;4;4;4;Day;7.3;0
nl;TRUE;M;35-44;Company_8;standard;3;1;2;2;3;3;2;4;4;1;1;2;4;4;1;2;3.78458113260166;2;1;1;-999;-999;-999;-999;4;4;NA;4;4;4;4;4;Rotating;7.4;0
du;FALSE;F;>=55;Company_8;standard;2;3;2;3;NA;4;4;4;4;3;3;3;3;2;2;4;3.94245254660444;4;NA;4;-999;-999;-999;-999;4;4;NA;4;4;4;NA;4;Rotating;8.5;0
du;TRUE;F;25-34;Company_5;standard;NA;2;3;3;2;1;3;2;NA;3;3;4;3;2;3;3;3.72024467767798;2;3;4;-999;-999;-999;-999;NA;NA;4;4;4;4;4;NA;Day;9.9;0
en;FALSE;F;>=55;Company_2;standard;3;3;3;3;4;4;4;4;4;3;3;3;3;3;1;3;3.61469112405622;4;3;3;-999;-999;-999;-999;4;4;4;4;4;4;NA;4;Day;5;0
nl;FALSE;F;45-54;Company_4;standard;2;1;2;3;4;4;2;3;3;3;1;4;4;4;4;NA;3.23889709658284;3;2;NA;-999;-999;-999;-999;NA;4;4;4;NA;4;4;4;Day;4.9;0
nl;FALSE;F;45-54;Company_3;standard;2;NA;3;2;4;3;3;4;4;1;NA;4;4;4;4;4;1.62418593235384;NA;1;4;-999;-999;-999;-999;4;4;4;NA;4;4;NA;4;Day;9.3;0
nl;FALSE;M;>=55;Company_4;standard;3;3;3;3;3;4;3;4;4;NA;2;3;2;2;1;4;4.17467065818869;3;2;3;-999;-999;-999;-999;4;NA;4;4;3;4;4;4;Rotating;7.7;0
nl;FALSE;F;25-34;Company_8;standard;3;2;NA;2;3;4;1;3;4;3;3;4;4;3;3;4;4.09666859442443;NA;2;3;-999;-999;-999;-999;4;4;4;4;NA;3;4;4;Day;7.1;1
nl;TRUE;M;45-54;Company_4;standard;3;1;3;NA;2;3;2;3;3;3;3;2;3;4;3;4;2.77605361020173;2;3;2;-999;-999;-999;-999;4;4;NA;4;4;4;4;4;Day;7.8;0
du;FALSE;M;>=55;Company_6;standard;2;1;1;1;3;4;4;NA;3;3;3;3;4;4;3;2;4.90788827619733;3;3;4;-999;-999;-999;-999;4;4;4;4;4;4;4;4;Rotating;6.4;0
nl;TRUE;M;25-34;Company_2;standard;2;3;2;2;4;4;2;4;4;3;3;4;4;4;4;4;2.82150237382424;4;3;4;-999;-999;-999;-999;4;4;4;4;4;NA;4;4;Day;5.4;0
du;FALSE;M;35-44;Company_10;standard;1;3;1;1;3;4;4;3;4;3;3;NA;4;4;4;4;2.55115452755835;3;3;3;-999;-999;-999;-999;4;NA;4;NA;4;4;4;4;Day;6.3;0
nl;TRUE;F;35-44;Company_5;standard;2;3;2;3;3;3;3;3;3;3;2;4;4;4;4;4;5.38333553007663;3;2;4;-999;-999;-999;-999;4;4;4;NA;4;4;4;4;Day;6.3;0
nl;TRUE;M;25-34;Company_2;standard;2;2;2;2;4;3;3;4;4;3;3;3;4;2;NA;4;3.29190481959285;4;3;4;-999;-999;-999;-999;4;NA;4;4;NA;4;4;4;Day;9.6;0
du;FALSE;M;45-54;Company_4;standard;2;1;3;3;4;4;3;3;3;3;3;4;4;NA;4;4;3.00282322664104;3;3;4;-999;-999;-999;-999;4;4;NA;4;4;4;NA;4;Night;7.9;1
fr;FALSE;F;>=55;Company_4;extended;3;3;3;3;2;3;2;3;3;3;3;4;4;4;4;3;3.65698344715855;3;NA;4;3;4;3;4;4;NA;NA;4;4;4;NA;4;Night;6.6;1
nl;FALSE;M;>=55;Company_9;standard;3;3;3;3;4;4;3;4;4;3;3;4;4;4;3;3;3.30201208827531;4;3;3;-999;-999;-999;-999;4;4;NA;4;4;4;4;NA;Day;5.4;0
du;TRUE;F;35-44;Company_1;standard;3;3;3;3;3;4;1;4;2;3;3;4;4;4;4;4;3.57763337907434;2;2;3;-999;-999;-999;-999;NA;4;4;4;4;2;4;4;Night;6.7;0
du;FALSE;M;35-44;Company_8;standard;3;3;2;3;3;3;NA;NA;4;NA;3;4;4;4;3;4;2.52227052236843;3;3;4;-999;-999;-999;-999;NA;4;4;4;4;NA;4;4;Day;8.2;0
du;FALSE;M;45-54;Company_4;standard;2;3;2;2;3;3;3;3;2;3;3;4;4;4;4;4;1.34297660370886;2;3;4;-999;-999;-999;-999;4;4;4;4;4;3;4;4;Day;5.2;0
nl;FALSE;M;25-34;Company_8;standard;2;NA;3;3;NA;2;3;NA;4;NA;2;4;4;4;4;4;5.04929065425263;3;2;4;-999;-999;-999;-999;4;4;4;4;4;4;NA;4;Rotating;7.9;0
du;FALSE;M;45-54;Company_9;standard;2;1;2;2;4;4;4;4;4;2;1;3;3;3;4;4;2.45967793617051;3;3;3;-999;-999;-999;-999;4;4;4;4;4;4;NA;NA;Night;7.1;0
nl;TRUE;F;>=55;Company_8;standard;3;3;3;3;4;3;3;3;3;3;3;4;3;4;4;4;2.76723069647713;3;3;4;-999;-999;-999;-999;4;4;4;4;4;4;4;4;Day;5.1;0
du;FALSE;F;35-44;Company_9;standard;1;1;1;1;3;3;4;4;3;3;3;4;4;4;4;4;3.71655212304987;3;3;4;-999;-999;-999;-999;NA;NA;4;4;4;4;4;4;Night;7.8;0
fr;FALSE;F;45-54;Company_3;standard;1;1;2;2;4;3;NA;4;3;2;1;3;3;4;2;3;2.14021023979288;4;3;4;-999;-999;-999;-999;NA;4;4;4;4;NA;4;4;Day;6.6;0
du;TRUE;M;45-54;Company_9;standard;2;2;1;2;4;NA;4;3;3;3;3;3;4;4;3;3;3.16093067147252;3;3;3;-999;-999;-999;-999;NA;4;4;4;4;4;4;NA;Rotating;5.5;0
nl;TRUE;F;45-54;Company_7;standard;3;2;3;3;3;3;4;4;4;3;3;4;4;4;4;4;3.45034756107251;NA;3;4;-999;-999;-999;-999;4;4;4;4;4;NA;4;4;Day;6.2;0
du;TRUE;M;>=55;Company_4;standard;3;2;1;NA;4;4;3;4;4;3;3;4;3;3;4;3;4.51788178122291;3;3;4;-999;-999;-999;-999;4;NA;4;4;4;4;NA;NA;Day;6.2;0
nl;TRUE;M;45-54;Company_10;standard;3;2;3;3;4;3;3;4;4;3;3;2;3;3;3;4;2.06052016975119;4;3;4;-999;-999;-999;-999;NA;4;4;4;4;4;4;4;Rotating;8.6;0
du;FALSE;F;45-54;Company_5;standard;2;3;3;2;4;4;4;4;4;3;3;4;3;4;4;4;3.7976299130794;NA;3;4;-999;-999;-999;-999;NA;4;4;4;4;4;4;4;Day;5.3;0
du;FALSE;M;45-54;Company_10;standard;2;3;2;NA;4;4;4;4;4;3;2;4;1;3;1;4;3.95512846254161;3;2;4;-999;-999;-999;-999;NA;4;4;3;4;4;4;4;Day;6.4;0
nl;TRUE;F;35-44;Company_2;standard;3;3;3;3;4;3;1;4;3;NA;3;3;4;4;4;3;3.15911543161703;NA;3;4;-999;-999;-999;-999;4;4;4;4;4;NA;4;NA;Day;7.9;0
nl;TRUE;M;>=55;Company_6;standard;3;3;3;3;4;4;3;4;3;3;3;4;4;4;3;4;4.55091444148509;3;NA;4;-999;-999;-999;-999;4;4;4;4;NA;4;4;4;Day;5.7;0
nl;FALSE;M;25-34;Company_7;standard;1;1;1;3;4;NA;3;4;4;3;3;3;4;4;4;NA;3.14836041569469;4;3;4;-999;-999;-999;-999;NA;4;4;4;4;4;4;4;Day;5.5;0
nl;FALSE;F;>=55;Company_10;standard;3;3;2;3;4;3;3;3;3;2;3;3;2;3;4;3;NA;2;3;4;-999;-999;-999;-999;4;NA;4;4;NA;NA;4;4;Day;7.3;0
nl;FALSE;M;25-34;Company_6;standard;2;1;2;2;4;NA;4;4;4;1;2;3;3;4;4;3;3.24652304545114;3;2;3;-999;-999;-999;-999;4;NA;NA;4;4;NA;NA;4;Day;8.4;0
nl;FALSE;M;45-54;Company_3;standard;3;3;3;NA;2;1;4;1;1;3;3;3;4;3;3;4;2.88836483469684;1;3;2;-999;-999;-999;-999;NA;4;4;4;4;NA;4;4;Day;7.6;0
fr;FALSE;M;25-34;Company_6;standard;3;3;3;3;NA;4;4;NA;4;3;3;4;4;3;3;3;1.92190966729872;3;3;4;-999;-999;-999;-999;4;4;NA;4;NA;4;NA;4;Day;7.8;0
nl;FALSE;F;45-54;Company_10;standard;2;3;3;3;2;4;4;3;NA;3;2;4;3;3;3;3;3.34171710486668;3;3;3;-999;-999;-999;-999;4;NA;NA;4;4;4;4;NA;Day;5.7;1
fr;FALSE;M;35-44;Company_5;standard;NA;3;2;3;4;4;2;4;4;NA;1;4;4;3;2;3;3.95488559377389;3;NA;3;-999;-999;-999;-999;4;4;4;4;4;4;NA;4;Day;7.4;0
du;TRUE;M;25-34;Company_8;standard;3;2;2;2;4;4;4;4;4;3;3;NA;4;3;3;4;3.13016551535578;4;3;4;-999;-999;-999;-999;4;NA;4;NA;4;4;NA;4;Day;8.6;0
du;TRUE;M;45-54;Company_8;standard;3;2;2;3;4;4;4;4;4;3;3;4;4;4;3;4;4.50383707408963;4;3;4;-999;-999;-999;-999;4;4;4;NA;4;NA;4;NA;Rotating;6.2;1
fr;FALSE;M;>=55;Company_10;standard;2;1;2;3;3;3;NA;3;3;3;3;4;2;4;4;4;2.34623910427269;1;3;4;-999;-999;-999;-999;4;4;4;4;4;NA;4;4;Day;7.3;0
fr;FALSE;F;35-44;Company_8;standard;2;3;3;3;2;4;3;4;4;3;3;4;4;4;3;3;2.96988183667949;4;3;3;-999;-999;-999;-999;NA;4;NA;NA;NA;4;4;4;Day;7.7;1
nl;TRUE;F;35-44;Company_2;standard;3;3;3;3;3;4;4;4;4;1;1;3;4;4;3;3;2.95275441115729;4;2;4;-999;-999;-999;-999;4;4;4;4;4;4;4;4;Night;7.8;1
nl;FALSE;F;35-44;Company_10;standard;1;2;1;1;3;4;3;4;4;2;2;3;3;3;2;2;2.75196439624541;4;2;4;-999;-999;-999;-999;4;NA;4;4;4;NA;4;4;Rotating;7.1;0
du;TRUE;M;>=55;Company_5;standard;2;3;NA;3;3;1;2;4;3;3;3;4;4;4;4;4;3.86029085303185;3;3;2;-999;-999;-999;-999;4;4;4;4;4;4;4;4;Day;6.1;0
fr;FALSE;M;25-34;Company_6;standard;2;3;2;NA;3;3;2;4;4;3;3;2;4;3;2;4;3.84852325220443;4;3;4;-999;-999;-999;-999;4;4;4;4;NA;4;4;4;Rotating;4.9;0
nl;FALSE;M;35-44;Company_6;standard;2;1;3;3;3;4;4;4;4;2;3;4;4;3;4;4;3.78669483024754;4;1;4;-999;-999;-999;-999;4;4;4;4;4;4;NA;4;Day;5.7;0
nl;TRUE;F;45-54;Company_8;standard;3;3;3;3;4;4;4;4;4;3;3;2;3;4;3;4;2.43764215940391;4;3;4;-999;-999;-999;-999;4;NA;4;4;4;4;NA;4;Day;7.5;0
nl;TRUE;M;35-44;Company_6;standard;2;2;2;3;4;4;3;4;4;3;2;3;4;3;4;4;3.70882662118848;3;3;4;-999;-999;-999;-999;4;4;4;4;4;4;4;4;Day;7.3;0
nl;TRUE;M;25-34;Company_8;standard;2;2;3;3;4;3;4;4;4;3;3;1;3;NA;4;3;3.27928969343423;4;3;4;-999;-999;-999;-999;4;4;NA;NA;4;4;NA;4;Day;7.7;1
nl;TRUE;F;35-44;Company_3;standard;2;2;1;3;4;4;4;4;4;3;3;4;4;NA;3;4;2.35457775040429;4;3;4;-999;-999;-999;-999;4;4;NA;NA;NA;NA;NA;4;Day;7.2;0
du;FALSE;M;45-54;Company_3;standard;3;2;2;3;4;2;3;NA;3;3;NA;3;2;3;3;3;4.32152964061752;2;3;3;-999;-999;-999;-999;4;4;4;3;4;4;4;NA;Day;5.2;0
du;FALSE;M;>=55;Company_6;standard;3;3;2;3;3;2;2;3;3;2;2;3;3;NA;3;3;3.45443961543914;3;3;4;-999;-999;-999;-999;4;4;NA;NA;4;4;4;4;Day;7.6;0
du;FALSE;M;35-44;Company_7;standard;3;3;3;3;3;2;3;4;4;3;3;3;2;3;3;4;3.60436142907137;3;2;3;-999;-999;-999;-999;4;4;4;4;4;4;4;4;Day;6.7;1
du;FALSE;F;35-44;Company_8;standard;3;3;2;3;2;2;1;2;2;3;3;4;3;3;3;4;2.7607328821117;3;3;3;-999;-999;-999;-999;NA;4;4;4;4;4;NA;4;Rotating;7.8;0
nl;FALSE;M;25-34;Company_1;standard;3;3;3;3;3;4;4;4;4;3;3;4;4;4;4;4;3.24028601085409;2;3;4;-999;-999;-999;-999;4;4;4;4;4;4;4;4;Day;8;0
du;FALSE;NA;<25;Company_6;standard;3;3;2;3;4;4;4;4;4;2;3;3;NA;4;3;4;1.37316806306525;4;3;4;-999;-999;-999;-999;4;4;NA;NA;4;4;4;4;Day;7.1;0
nl;FALSE;M;45-54;Company_2;standard;2;1;1;1;4;4;3;3;4;3;3;4;4;4;4;4;2.48300648650408;1;3;4;-999;-999;-999;-999;4;NA;4;4;4;4;4;4;Day;6.4;0
nl;FALSE;M;45-54;Company_1;standard;2;2;3;2;NA;2;3;3;3;3;2;2;1;2;1;3;3.77951056590331;2;2;3;-999;-999;-999;-999;4;4;4;4;4;4;NA;4;Day;7;0
fr;FALSE;M;<25;Company_4;extended;3;2;3;3;4;4;4;4;4;3;3;3;1;2;1;3;3.22142472200551;4;2;2;1;3;2;4;4;4;4;3;4;4;4;4;Day;7.5;0
nl;FALSE;M;45-54;Company_1;standard;1;1;1;2;2;3;4;3;3;2;3;4;4;4;4;4;2.84133495205574;1;2;4;-999;-999;-999;-999;4;4;4;NA;4;4;3;4;Day;8.9;0
nl;FALSE;F;25-34;Company_6;standard;3;3;3;3;3;4;3;4;4;3;2;3;4;2;1;2;3.10783654223065;4;2;2;-999;-999;-999;-999;4;4;NA;4;NA;4;4;4;Day;6.3;1
nl;FALSE;F;45-54;Company_8;standard;3;3;2;2;2;4;4;3;4;3;3;4;4;4;4;4;3.58314907223088;4;NA;4;-999;-999;-999;-999;4;4;4;4;4;NA;4;4;Day;8.2;0
